location,station_id,temperature,month_name,month,day,date,day_of_year
Death Valley,USC00042319,51,Jan,01,1,0000-01-01,1
Death Valley,USC00042319,51.2,Jan,01,2,0000-01-02,2
Death Valley,USC00042319,51.3,Jan,01,3,0000-01-03,3
Death Valley,USC00042319,51.4,Jan,01,4,0000-01-04,4
Death Valley,USC00042319,51.6,Jan,01,5,0000-01-05,5
Death Valley,USC00042319,51.7,Jan,01,6,0000-01-06,6
Death Valley,USC00042319,51.9,Jan,01,7,0000-01-07,7
Death Valley,USC00042319,52,Jan,01,8,0000-01-08,8
Death Valley,USC00042319,52.2,Jan,01,9,0000-01-09,9
Death Valley,USC00042319,52.3,Jan,01,10,0000-01-10,10
Death Valley,USC00042319,52.5,Jan,01,11,0000-01-11,11
Death Valley,USC00042319,52.7,Jan,01,12,0000-01-12,12
Death Valley,USC00042319,52.9,Jan,01,13,0000-01-13,13
Death Valley,USC00042319,53,Jan,01,14,0000-01-14,14
Death Valley,USC00042319,53.2,Jan,01,15,0000-01-15,15
Death Valley,USC00042319,53.4,Jan,01,16,0000-01-16,16
Death Valley,USC00042319,53.6,Jan,01,17,0000-01-17,17
Death Valley,USC00042319,53.7,Jan,01,18,0000-01-18,18
Death Valley,USC00042319,53.9,Jan,01,19,0000-01-19,19
Death Valley,USC00042319,54.1,Jan,01,20,0000-01-20,20
Death Valley,USC00042319,54.3,Jan,01,21,0000-01-21,21
Death Valley,USC00042319,54.5,Jan,01,22,0000-01-22,22
Death Valley,USC00042319,54.6,Jan,01,23,0000-01-23,23
Death Valley,USC00042319,54.8,Jan,01,24,0000-01-24,24
Death Valley,USC00042319,55,Jan,01,25,0000-01-25,25
Death Valley,USC00042319,55.2,Jan,01,26,0000-01-26,26
Death Valley,USC00042319,55.4,Jan,01,27,0000-01-27,27
Death Valley,USC00042319,55.6,Jan,01,28,0000-01-28,28
Death Valley,USC00042319,55.8,Jan,01,29,0000-01-29,29
Death Valley,USC00042319,56,Jan,01,30,0000-01-30,30
Death Valley,USC00042319,56.2,Jan,01,31,0000-01-31,31
Death Valley,USC00042319,56.4,Feb,02,1,0000-02-01,32
Death Valley,USC00042319,56.6,Feb,02,2,0000-02-02,33
Death Valley,USC00042319,56.8,Feb,02,3,0000-02-03,34
Death Valley,USC00042319,57,Feb,02,4,0000-02-04,35
Death Valley,USC00042319,57.2,Feb,02,5,0000-02-05,36
Death Valley,USC00042319,57.5,Feb,02,6,0000-02-06,37
Death Valley,USC00042319,57.7,Feb,02,7,0000-02-07,38
Death Valley,USC00042319,57.9,Feb,02,8,0000-02-08,39
Death Valley,USC00042319,58.2,Feb,02,9,0000-02-09,40
Death Valley,USC00042319,58.4,Feb,02,10,0000-02-10,41
Death Valley,USC00042319,58.7,Feb,02,11,0000-02-11,42
Death Valley,USC00042319,58.9,Feb,02,12,0000-02-12,43
Death Valley,USC00042319,59.2,Feb,02,13,0000-02-13,44
Death Valley,USC00042319,59.5,Feb,02,14,0000-02-14,45
Death Valley,USC00042319,59.8,Feb,02,15,0000-02-15,46
Death Valley,USC00042319,60.1,Feb,02,16,0000-02-16,47
Death Valley,USC00042319,60.3,Feb,02,17,0000-02-17,48
Death Valley,USC00042319,60.6,Feb,02,18,0000-02-18,49
Death Valley,USC00042319,60.9,Feb,02,19,0000-02-19,50
Death Valley,USC00042319,61.2,Feb,02,20,0000-02-20,51
Death Valley,USC00042319,61.6,Feb,02,21,0000-02-21,52
Death Valley,USC00042319,61.9,Feb,02,22,0000-02-22,53
Death Valley,USC00042319,62.2,Feb,02,23,0000-02-23,54
Death Valley,USC00042319,62.5,Feb,02,24,0000-02-24,55
Death Valley,USC00042319,62.8,Feb,02,25,0000-02-25,56
Death Valley,USC00042319,63.2,Feb,02,26,0000-02-26,57
Death Valley,USC00042319,63.5,Feb,02,27,0000-02-27,58
Death Valley,USC00042319,63.8,Feb,02,28,0000-02-28,59
Death Valley,USC00042319,64,Feb,02,29,0000-02-29,60
Death Valley,USC00042319,64.1,Mar,03,1,0000-03-01,61
Death Valley,USC00042319,64.5,Mar,03,2,0000-03-02,62
Death Valley,USC00042319,64.8,Mar,03,3,0000-03-03,63
Death Valley,USC00042319,65.1,Mar,03,4,0000-03-04,64
Death Valley,USC00042319,65.4,Mar,03,5,0000-03-05,65
Death Valley,USC00042319,65.7,Mar,03,6,0000-03-06,66
Death Valley,USC00042319,66,Mar,03,7,0000-03-07,67
Death Valley,USC00042319,66.3,Mar,03,8,0000-03-08,68
Death Valley,USC00042319,66.7,Mar,03,9,0000-03-09,69
Death Valley,USC00042319,67,Mar,03,10,0000-03-10,70
Death Valley,USC00042319,67.2,Mar,03,11,0000-03-11,71
Death Valley,USC00042319,67.5,Mar,03,12,0000-03-12,72
Death Valley,USC00042319,67.8,Mar,03,13,0000-03-13,73
Death Valley,USC00042319,68.1,Mar,03,14,0000-03-14,74
Death Valley,USC00042319,68.4,Mar,03,15,0000-03-15,75
Death Valley,USC00042319,68.6,Mar,03,16,0000-03-16,76
Death Valley,USC00042319,68.9,Mar,03,17,0000-03-17,77
Death Valley,USC00042319,69.2,Mar,03,18,0000-03-18,78
Death Valley,USC00042319,69.4,Mar,03,19,0000-03-19,79
Death Valley,USC00042319,69.7,Mar,03,20,0000-03-20,80
Death Valley,USC00042319,69.9,Mar,03,21,0000-03-21,81
Death Valley,USC00042319,70.1,Mar,03,22,0000-03-22,82
Death Valley,USC00042319,70.4,Mar,03,23,0000-03-23,83
Death Valley,USC00042319,70.6,Mar,03,24,0000-03-24,84
Death Valley,USC00042319,70.8,Mar,03,25,0000-03-25,85
Death Valley,USC00042319,71.1,Mar,03,26,0000-03-26,86
Death Valley,USC00042319,71.3,Mar,03,27,0000-03-27,87
Death Valley,USC00042319,71.5,Mar,03,28,0000-03-28,88
Death Valley,USC00042319,71.7,Mar,03,29,0000-03-29,89
Death Valley,USC00042319,71.9,Mar,03,30,0000-03-30,90
Death Valley,USC00042319,72.2,Mar,03,31,0000-03-31,91
Death Valley,USC00042319,72.4,Apr,04,1,0000-04-01,92
Death Valley,USC00042319,72.6,Apr,04,2,0000-04-02,93
Death Valley,USC00042319,72.8,Apr,04,3,0000-04-03,94
Death Valley,USC00042319,73.1,Apr,04,4,0000-04-04,95
Death Valley,USC00042319,73.3,Apr,04,5,0000-04-05,96
Death Valley,USC00042319,73.5,Apr,04,6,0000-04-06,97
Death Valley,USC00042319,73.8,Apr,04,7,0000-04-07,98
Death Valley,USC00042319,74,Apr,04,8,0000-04-08,99
Death Valley,USC00042319,74.3,Apr,04,9,0000-04-09,100
Death Valley,USC00042319,74.5,Apr,04,10,0000-04-10,101
Death Valley,USC00042319,74.8,Apr,04,11,0000-04-11,102
Death Valley,USC00042319,75.1,Apr,04,12,0000-04-12,103
Death Valley,USC00042319,75.3,Apr,04,13,0000-04-13,104
Death Valley,USC00042319,75.6,Apr,04,14,0000-04-14,105
Death Valley,USC00042319,75.9,Apr,04,15,0000-04-15,106
Death Valley,USC00042319,76.2,Apr,04,16,0000-04-16,107
Death Valley,USC00042319,76.5,Apr,04,17,0000-04-17,108
Death Valley,USC00042319,76.8,Apr,04,18,0000-04-18,109
Death Valley,USC00042319,77.1,Apr,04,19,0000-04-19,110
Death Valley,USC00042319,77.5,Apr,04,20,0000-04-20,111
Death Valley,USC00042319,77.8,Apr,04,21,0000-04-21,112
Death Valley,USC00042319,78.1,Apr,04,22,0000-04-22,113
Death Valley,USC00042319,78.5,Apr,04,23,0000-04-23,114
Death Valley,USC00042319,78.8,Apr,04,24,0000-04-24,115
Death Valley,USC00042319,79.2,Apr,04,25,0000-04-25,116
Death Valley,USC00042319,79.5,Apr,04,26,0000-04-26,117
Death Valley,USC00042319,79.9,Apr,04,27,0000-04-27,118
Death Valley,USC00042319,80.3,Apr,04,28,0000-04-28,119
Death Valley,USC00042319,80.6,Apr,04,29,0000-04-29,120
Death Valley,USC00042319,81,Apr,04,30,0000-04-30,121
Death Valley,USC00042319,81.4,May,05,1,0000-05-01,122
Death Valley,USC00042319,81.7,May,05,2,0000-05-02,123
Death Valley,USC00042319,82.1,May,05,3,0000-05-03,124
Death Valley,USC00042319,82.5,May,05,4,0000-05-04,125
Death Valley,USC00042319,82.9,May,05,5,0000-05-05,126
Death Valley,USC00042319,83.2,May,05,6,0000-05-06,127
Death Valley,USC00042319,83.6,May,05,7,0000-05-07,128
Death Valley,USC00042319,84,May,05,8,0000-05-08,129
Death Valley,USC00042319,84.3,May,05,9,0000-05-09,130
Death Valley,USC00042319,84.7,May,05,10,0000-05-10,131
Death Valley,USC00042319,85.1,May,05,11,0000-05-11,132
Death Valley,USC00042319,85.4,May,05,12,0000-05-12,133
Death Valley,USC00042319,85.8,May,05,13,0000-05-13,134
Death Valley,USC00042319,86.1,May,05,14,0000-05-14,135
Death Valley,USC00042319,86.4,May,05,15,0000-05-15,136
Death Valley,USC00042319,86.8,May,05,16,0000-05-16,137
Death Valley,USC00042319,87.1,May,05,17,0000-05-17,138
Death Valley,USC00042319,87.4,May,05,18,0000-05-18,139
Death Valley,USC00042319,87.8,May,05,19,0000-05-19,140
Death Valley,USC00042319,88.1,May,05,20,0000-05-20,141
Death Valley,USC00042319,88.4,May,05,21,0000-05-21,142
Death Valley,USC00042319,88.7,May,05,22,0000-05-22,143
Death Valley,USC00042319,89,May,05,23,0000-05-23,144
Death Valley,USC00042319,89.3,May,05,24,0000-05-24,145
Death Valley,USC00042319,89.6,May,05,25,0000-05-25,146
Death Valley,USC00042319,89.9,May,05,26,0000-05-26,147
Death Valley,USC00042319,90.1,May,05,27,0000-05-27,148
Death Valley,USC00042319,90.4,May,05,28,0000-05-28,149
Death Valley,USC00042319,90.7,May,05,29,0000-05-29,150
Death Valley,USC00042319,91,May,05,30,0000-05-30,151
Death Valley,USC00042319,91.3,May,05,31,0000-05-31,152
Death Valley,USC00042319,91.5,Jun,06,1,0000-06-01,153
Death Valley,USC00042319,91.8,Jun,06,2,0000-06-02,154
Death Valley,USC00042319,92.1,Jun,06,3,0000-06-03,155
Death Valley,USC00042319,92.3,Jun,06,4,0000-06-04,156
Death Valley,USC00042319,92.6,Jun,06,5,0000-06-05,157
Death Valley,USC00042319,92.9,Jun,06,6,0000-06-06,158
Death Valley,USC00042319,93.1,Jun,06,7,0000-06-07,159
Death Valley,USC00042319,93.4,Jun,06,8,0000-06-08,160
Death Valley,USC00042319,93.7,Jun,06,9,0000-06-09,161
Death Valley,USC00042319,94,Jun,06,10,0000-06-10,162
Death Valley,USC00042319,94.2,Jun,06,11,0000-06-11,163
Death Valley,USC00042319,94.5,Jun,06,12,0000-06-12,164
Death Valley,USC00042319,94.8,Jun,06,13,0000-06-13,165
Death Valley,USC00042319,95.1,Jun,06,14,0000-06-14,166
Death Valley,USC00042319,95.4,Jun,06,15,0000-06-15,167
Death Valley,USC00042319,95.7,Jun,06,16,0000-06-16,168
Death Valley,USC00042319,95.9,Jun,06,17,0000-06-17,169
Death Valley,USC00042319,96.2,Jun,06,18,0000-06-18,170
Death Valley,USC00042319,96.5,Jun,06,19,0000-06-19,171
Death Valley,USC00042319,96.8,Jun,06,20,0000-06-20,172
Death Valley,USC00042319,97.1,Jun,06,21,0000-06-21,173
Death Valley,USC00042319,97.4,Jun,06,22,0000-06-22,174
Death Valley,USC00042319,97.7,Jun,06,23,0000-06-23,175
Death Valley,USC00042319,98,Jun,06,24,0000-06-24,176
Death Valley,USC00042319,98.3,Jun,06,25,0000-06-25,177
Death Valley,USC00042319,98.5,Jun,06,26,0000-06-26,178
Death Valley,USC00042319,98.8,Jun,06,27,0000-06-27,179
Death Valley,USC00042319,99.1,Jun,06,28,0000-06-28,180
Death Valley,USC00042319,99.4,Jun,06,29,0000-06-29,181
Death Valley,USC00042319,99.6,Jun,06,30,0000-06-30,182
Death Valley,USC00042319,99.9,Jul,07,1,0000-07-01,183
Death Valley,USC00042319,100.2,Jul,07,2,0000-07-02,184
Death Valley,USC00042319,100.4,Jul,07,3,0000-07-03,185
Death Valley,USC00042319,100.6,Jul,07,4,0000-07-04,186
Death Valley,USC00042319,100.9,Jul,07,5,0000-07-05,187
Death Valley,USC00042319,101.1,Jul,07,6,0000-07-06,188
Death Valley,USC00042319,101.3,Jul,07,7,0000-07-07,189
Death Valley,USC00042319,101.5,Jul,07,8,0000-07-08,190
Death Valley,USC00042319,101.7,Jul,07,9,0000-07-09,191
Death Valley,USC00042319,101.9,Jul,07,10,0000-07-10,192
Death Valley,USC00042319,102.1,Jul,07,11,0000-07-11,193
Death Valley,USC00042319,102.2,Jul,07,12,0000-07-12,194
Death Valley,USC00042319,102.4,Jul,07,13,0000-07-13,195
Death Valley,USC00042319,102.5,Jul,07,14,0000-07-14,196
Death Valley,USC00042319,102.6,Jul,07,15,0000-07-15,197
Death Valley,USC00042319,102.8,Jul,07,16,0000-07-16,198
Death Valley,USC00042319,102.9,Jul,07,17,0000-07-17,199
Death Valley,USC00042319,102.9,Jul,07,18,0000-07-18,200
Death Valley,USC00042319,103,Jul,07,19,0000-07-19,201
Death Valley,USC00042319,103.1,Jul,07,20,0000-07-20,202
Death Valley,USC00042319,103.1,Jul,07,21,0000-07-21,203
Death Valley,USC00042319,103.1,Jul,07,22,0000-07-22,204
Death Valley,USC00042319,103.1,Jul,07,23,0000-07-23,205
Death Valley,USC00042319,103.2,Jul,07,24,0000-07-24,206
Death Valley,USC00042319,103.1,Jul,07,25,0000-07-25,207
Death Valley,USC00042319,103.1,Jul,07,26,0000-07-26,208
Death Valley,USC00042319,103.1,Jul,07,27,0000-07-27,209
Death Valley,USC00042319,103,Jul,07,28,0000-07-28,210
Death Valley,USC00042319,103,Jul,07,29,0000-07-29,211
Death Valley,USC00042319,102.9,Jul,07,30,0000-07-30,212
Death Valley,USC00042319,102.8,Jul,07,31,0000-07-31,213
Death Valley,USC00042319,102.7,Aug,08,1,0000-08-01,214
Death Valley,USC00042319,102.6,Aug,08,2,0000-08-02,215
Death Valley,USC00042319,102.5,Aug,08,3,0000-08-03,216
Death Valley,USC00042319,102.4,Aug,08,4,0000-08-04,217
Death Valley,USC00042319,102.3,Aug,08,5,0000-08-05,218
Death Valley,USC00042319,102.2,Aug,08,6,0000-08-06,219
Death Valley,USC00042319,102,Aug,08,7,0000-08-07,220
Death Valley,USC00042319,101.9,Aug,08,8,0000-08-08,221
Death Valley,USC00042319,101.7,Aug,08,9,0000-08-09,222
Death Valley,USC00042319,101.5,Aug,08,10,0000-08-10,223
Death Valley,USC00042319,101.4,Aug,08,11,0000-08-11,224
Death Valley,USC00042319,101.2,Aug,08,12,0000-08-12,225
Death Valley,USC00042319,101,Aug,08,13,0000-08-13,226
Death Valley,USC00042319,100.8,Aug,08,14,0000-08-14,227
Death Valley,USC00042319,100.6,Aug,08,15,0000-08-15,228
Death Valley,USC00042319,100.4,Aug,08,16,0000-08-16,229
Death Valley,USC00042319,100.2,Aug,08,17,0000-08-17,230
Death Valley,USC00042319,100,Aug,08,18,0000-08-18,231
Death Valley,USC00042319,99.8,Aug,08,19,0000-08-19,232
Death Valley,USC00042319,99.6,Aug,08,20,0000-08-20,233
Death Valley,USC00042319,99.4,Aug,08,21,0000-08-21,234
Death Valley,USC00042319,99.1,Aug,08,22,0000-08-22,235
Death Valley,USC00042319,98.9,Aug,08,23,0000-08-23,236
Death Valley,USC00042319,98.6,Aug,08,24,0000-08-24,237
Death Valley,USC00042319,98.4,Aug,08,25,0000-08-25,238
Death Valley,USC00042319,98.1,Aug,08,26,0000-08-26,239
Death Valley,USC00042319,97.9,Aug,08,27,0000-08-27,240
Death Valley,USC00042319,97.6,Aug,08,28,0000-08-28,241
Death Valley,USC00042319,97.3,Aug,08,29,0000-08-29,242
Death Valley,USC00042319,97.1,Aug,08,30,0000-08-30,243
Death Valley,USC00042319,96.8,Aug,08,31,0000-08-31,244
Death Valley,USC00042319,96.5,Sep,09,1,0000-09-01,245
Death Valley,USC00042319,96.2,Sep,09,2,0000-09-02,246
Death Valley,USC00042319,95.9,Sep,09,3,0000-09-03,247
Death Valley,USC00042319,95.6,Sep,09,4,0000-09-04,248
Death Valley,USC00042319,95.2,Sep,09,5,0000-09-05,249
Death Valley,USC00042319,94.9,Sep,09,6,0000-09-06,250
Death Valley,USC00042319,94.6,Sep,09,7,0000-09-07,251
Death Valley,USC00042319,94.2,Sep,09,8,0000-09-08,252
Death Valley,USC00042319,93.8,Sep,09,9,0000-09-09,253
Death Valley,USC00042319,93.5,Sep,09,10,0000-09-10,254
Death Valley,USC00042319,93.1,Sep,09,11,0000-09-11,255
Death Valley,USC00042319,92.7,Sep,09,12,0000-09-12,256
Death Valley,USC00042319,92.3,Sep,09,13,0000-09-13,257
Death Valley,USC00042319,91.9,Sep,09,14,0000-09-14,258
Death Valley,USC00042319,91.5,Sep,09,15,0000-09-15,259
Death Valley,USC00042319,91.1,Sep,09,16,0000-09-16,260
Death Valley,USC00042319,90.7,Sep,09,17,0000-09-17,261
Death Valley,USC00042319,90.3,Sep,09,18,0000-09-18,262
Death Valley,USC00042319,89.8,Sep,09,19,0000-09-19,263
Death Valley,USC00042319,89.4,Sep,09,20,0000-09-20,264
Death Valley,USC00042319,88.9,Sep,09,21,0000-09-21,265
Death Valley,USC00042319,88.5,Sep,09,22,0000-09-22,266
Death Valley,USC00042319,88,Sep,09,23,0000-09-23,267
Death Valley,USC00042319,87.6,Sep,09,24,0000-09-24,268
Death Valley,USC00042319,87.1,Sep,09,25,0000-09-25,269
Death Valley,USC00042319,86.6,Sep,09,26,0000-09-26,270
Death Valley,USC00042319,86.1,Sep,09,27,0000-09-27,271
Death Valley,USC00042319,85.7,Sep,09,28,0000-09-28,272
Death Valley,USC00042319,85.2,Sep,09,29,0000-09-29,273
Death Valley,USC00042319,84.7,Sep,09,30,0000-09-30,274
Death Valley,USC00042319,84.2,Oct,10,1,0000-10-01,275
Death Valley,USC00042319,83.7,Oct,10,2,0000-10-02,276
Death Valley,USC00042319,83.3,Oct,10,3,0000-10-03,277
Death Valley,USC00042319,82.8,Oct,10,4,0000-10-04,278
Death Valley,USC00042319,82.3,Oct,10,5,0000-10-05,279
Death Valley,USC00042319,81.8,Oct,10,6,0000-10-06,280
Death Valley,USC00042319,81.3,Oct,10,7,0000-10-07,281
Death Valley,USC00042319,80.9,Oct,10,8,0000-10-08,282
Death Valley,USC00042319,80.4,Oct,10,9,0000-10-09,283
Death Valley,USC00042319,79.9,Oct,10,10,0000-10-10,284
Death Valley,USC00042319,79.4,Oct,10,11,0000-10-11,285
Death Valley,USC00042319,79,Oct,10,12,0000-10-12,286
Death Valley,USC00042319,78.5,Oct,10,13,0000-10-13,287
Death Valley,USC00042319,78,Oct,10,14,0000-10-14,288
Death Valley,USC00042319,77.6,Oct,10,15,0000-10-15,289
Death Valley,USC00042319,77.1,Oct,10,16,0000-10-16,290
Death Valley,USC00042319,76.6,Oct,10,17,0000-10-17,291
Death Valley,USC00042319,76.2,Oct,10,18,0000-10-18,292
Death Valley,USC00042319,75.7,Oct,10,19,0000-10-19,293
Death Valley,USC00042319,75.3,Oct,10,20,0000-10-20,294
Death Valley,USC00042319,74.8,Oct,10,21,0000-10-21,295
Death Valley,USC00042319,74.3,Oct,10,22,0000-10-22,296
Death Valley,USC00042319,73.9,Oct,10,23,0000-10-23,297
Death Valley,USC00042319,73.4,Oct,10,24,0000-10-24,298
Death Valley,USC00042319,73,Oct,10,25,0000-10-25,299
Death Valley,USC00042319,72.5,Oct,10,26,0000-10-26,300
Death Valley,USC00042319,72.1,Oct,10,27,0000-10-27,301
Death Valley,USC00042319,71.6,Oct,10,28,0000-10-28,302
Death Valley,USC00042319,71.1,Oct,10,29,0000-10-29,303
Death Valley,USC00042319,70.7,Oct,10,30,0000-10-30,304
Death Valley,USC00042319,70.2,Oct,10,31,0000-10-31,305
Death Valley,USC00042319,69.7,Nov,11,1,0000-11-01,306
Death Valley,USC00042319,69.3,Nov,11,2,0000-11-02,307
Death Valley,USC00042319,68.8,Nov,11,3,0000-11-03,308
Death Valley,USC00042319,68.3,Nov,11,4,0000-11-04,309
Death Valley,USC00042319,67.8,Nov,11,5,0000-11-05,310
Death Valley,USC00042319,67.3,Nov,11,6,0000-11-06,311
Death Valley,USC00042319,66.9,Nov,11,7,0000-11-07,312
Death Valley,USC00042319,66.4,Nov,11,8,0000-11-08,313
Death Valley,USC00042319,65.9,Nov,11,9,0000-11-09,314
Death Valley,USC00042319,65.4,Nov,11,10,0000-11-10,315
Death Valley,USC00042319,64.9,Nov,11,11,0000-11-11,316
Death Valley,USC00042319,64.4,Nov,11,12,0000-11-12,317
Death Valley,USC00042319,63.9,Nov,11,13,0000-11-13,318
Death Valley,USC00042319,63.3,Nov,11,14,0000-11-14,319
Death Valley,USC00042319,62.8,Nov,11,15,0000-11-15,320
Death Valley,USC00042319,62.3,Nov,11,16,0000-11-16,321
Death Valley,USC00042319,61.8,Nov,11,17,0000-11-17,322
Death Valley,USC00042319,61.3,Nov,11,18,0000-11-18,323
Death Valley,USC00042319,60.8,Nov,11,19,0000-11-19,324
Death Valley,USC00042319,60.3,Nov,11,20,0000-11-20,325
Death Valley,USC00042319,59.8,Nov,11,21,0000-11-21,326
Death Valley,USC00042319,59.3,Nov,11,22,0000-11-22,327
Death Valley,USC00042319,58.8,Nov,11,23,0000-11-23,328
Death Valley,USC00042319,58.3,Nov,11,24,0000-11-24,329
Death Valley,USC00042319,57.9,Nov,11,25,0000-11-25,330
Death Valley,USC00042319,57.4,Nov,11,26,0000-11-26,331
Death Valley,USC00042319,56.9,Nov,11,27,0000-11-27,332
Death Valley,USC00042319,56.5,Nov,11,28,0000-11-28,333
Death Valley,USC00042319,56,Nov,11,29,0000-11-29,334
Death Valley,USC00042319,55.6,Nov,11,30,0000-11-30,335
Death Valley,USC00042319,55.2,Dec,12,1,0000-12-01,336
Death Valley,USC00042319,54.8,Dec,12,2,0000-12-02,337
Death Valley,USC00042319,54.4,Dec,12,3,0000-12-03,338
Death Valley,USC00042319,54,Dec,12,4,0000-12-04,339
Death Valley,USC00042319,53.7,Dec,12,5,0000-12-05,340
Death Valley,USC00042319,53.3,Dec,12,6,0000-12-06,341
Death Valley,USC00042319,53,Dec,12,7,0000-12-07,342
Death Valley,USC00042319,52.7,Dec,12,8,0000-12-08,343
Death Valley,USC00042319,52.4,Dec,12,9,0000-12-09,344
Death Valley,USC00042319,52.2,Dec,12,10,0000-12-10,345
Death Valley,USC00042319,51.9,Dec,12,11,0000-12-11,346
Death Valley,USC00042319,51.7,Dec,12,12,0000-12-12,347
Death Valley,USC00042319,51.5,Dec,12,13,0000-12-13,348
Death Valley,USC00042319,51.3,Dec,12,14,0000-12-14,349
Death Valley,USC00042319,51.1,Dec,12,15,0000-12-15,350
Death Valley,USC00042319,51,Dec,12,16,0000-12-16,351
Death Valley,USC00042319,50.9,Dec,12,17,0000-12-17,352
Death Valley,USC00042319,50.8,Dec,12,18,0000-12-18,353
Death Valley,USC00042319,50.7,Dec,12,19,0000-12-19,354
Death Valley,USC00042319,50.6,Dec,12,20,0000-12-20,355
Death Valley,USC00042319,50.6,Dec,12,21,0000-12-21,356
Death Valley,USC00042319,50.5,Dec,12,22,0000-12-22,357
Death Valley,USC00042319,50.5,Dec,12,23,0000-12-23,358
Death Valley,USC00042319,50.5,Dec,12,24,0000-12-24,359
Death Valley,USC00042319,50.5,Dec,12,25,0000-12-25,360
Death Valley,USC00042319,50.6,Dec,12,26,0000-12-26,361
Death Valley,USC00042319,50.6,Dec,12,27,0000-12-27,362
Death Valley,USC00042319,50.7,Dec,12,28,0000-12-28,363
Death Valley,USC00042319,50.8,Dec,12,29,0000-12-29,364
Death Valley,USC00042319,50.8,Dec,12,30,0000-12-30,365
Death Valley,USC00042319,50.9,Dec,12,31,0000-12-31,366
Houston,USW00012918,53.9,Jan,01,1,0000-01-01,1
Houston,USW00012918,53.8,Jan,01,2,0000-01-02,2
Houston,USW00012918,53.8,Jan,01,3,0000-01-03,3
Houston,USW00012918,53.8,Jan,01,4,0000-01-04,4
Houston,USW00012918,53.8,Jan,01,5,0000-01-05,5
Houston,USW00012918,53.7,Jan,01,6,0000-01-06,6
Houston,USW00012918,53.7,Jan,01,7,0000-01-07,7
Houston,USW00012918,53.7,Jan,01,8,0000-01-08,8
Houston,USW00012918,53.7,Jan,01,9,0000-01-09,9
Houston,USW00012918,53.7,Jan,01,10,0000-01-10,10
Houston,USW00012918,53.7,Jan,01,11,0000-01-11,11
Houston,USW00012918,53.8,Jan,01,12,0000-01-12,12
Houston,USW00012918,53.8,Jan,01,13,0000-01-13,13
Houston,USW00012918,53.8,Jan,01,14,0000-01-14,14
Houston,USW00012918,53.8,Jan,01,15,0000-01-15,15
Houston,USW00012918,53.9,Jan,01,16,0000-01-16,16
Houston,USW00012918,53.9,Jan,01,17,0000-01-17,17
Houston,USW00012918,53.9,Jan,01,18,0000-01-18,18
Houston,USW00012918,54,Jan,01,19,0000-01-19,19
Houston,USW00012918,54,Jan,01,20,0000-01-20,20
Houston,USW00012918,54.1,Jan,01,21,0000-01-21,21
Houston,USW00012918,54.2,Jan,01,22,0000-01-22,22
Houston,USW00012918,54.2,Jan,01,23,0000-01-23,23
Houston,USW00012918,54.3,Jan,01,24,0000-01-24,24
Houston,USW00012918,54.4,Jan,01,25,0000-01-25,25
Houston,USW00012918,54.4,Jan,01,26,0000-01-26,26
Houston,USW00012918,54.5,Jan,01,27,0000-01-27,27
Houston,USW00012918,54.6,Jan,01,28,0000-01-28,28
Houston,USW00012918,54.7,Jan,01,29,0000-01-29,29
Houston,USW00012918,54.8,Jan,01,30,0000-01-30,30
Houston,USW00012918,54.9,Jan,01,31,0000-01-31,31
Houston,USW00012918,55,Feb,02,1,0000-02-01,32
Houston,USW00012918,55.2,Feb,02,2,0000-02-02,33
Houston,USW00012918,55.3,Feb,02,3,0000-02-03,34
Houston,USW00012918,55.4,Feb,02,4,0000-02-04,35
Houston,USW00012918,55.6,Feb,02,5,0000-02-05,36
Houston,USW00012918,55.7,Feb,02,6,0000-02-06,37
Houston,USW00012918,55.8,Feb,02,7,0000-02-07,38
Houston,USW00012918,56,Feb,02,8,0000-02-08,39
Houston,USW00012918,56.2,Feb,02,9,0000-02-09,40
Houston,USW00012918,56.3,Feb,02,10,0000-02-10,41
Houston,USW00012918,56.5,Feb,02,11,0000-02-11,42
Houston,USW00012918,56.7,Feb,02,12,0000-02-12,43
Houston,USW00012918,56.8,Feb,02,13,0000-02-13,44
Houston,USW00012918,57,Feb,02,14,0000-02-14,45
Houston,USW00012918,57.2,Feb,02,15,0000-02-15,46
Houston,USW00012918,57.4,Feb,02,16,0000-02-16,47
Houston,USW00012918,57.6,Feb,02,17,0000-02-17,48
Houston,USW00012918,57.8,Feb,02,18,0000-02-18,49
Houston,USW00012918,58,Feb,02,19,0000-02-19,50
Houston,USW00012918,58.2,Feb,02,20,0000-02-20,51
Houston,USW00012918,58.4,Feb,02,21,0000-02-21,52
Houston,USW00012918,58.6,Feb,02,22,0000-02-22,53
Houston,USW00012918,58.8,Feb,02,23,0000-02-23,54
Houston,USW00012918,59,Feb,02,24,0000-02-24,55
Houston,USW00012918,59.3,Feb,02,25,0000-02-25,56
Houston,USW00012918,59.5,Feb,02,26,0000-02-26,57
Houston,USW00012918,59.7,Feb,02,27,0000-02-27,58
Houston,USW00012918,59.9,Feb,02,28,0000-02-28,59
Houston,USW00012918,60,Feb,02,29,0000-02-29,60
Houston,USW00012918,60.1,Mar,03,1,0000-03-01,61
Houston,USW00012918,60.4,Mar,03,2,0000-03-02,62
Houston,USW00012918,60.6,Mar,03,3,0000-03-03,63
Houston,USW00012918,60.8,Mar,03,4,0000-03-04,64
Houston,USW00012918,61,Mar,03,5,0000-03-05,65
Houston,USW00012918,61.2,Mar,03,6,0000-03-06,66
Houston,USW00012918,61.5,Mar,03,7,0000-03-07,67
Houston,USW00012918,61.7,Mar,03,8,0000-03-08,68
Houston,USW00012918,61.9,Mar,03,9,0000-03-09,69
Houston,USW00012918,62.1,Mar,03,10,0000-03-10,70
Houston,USW00012918,62.3,Mar,03,11,0000-03-11,71
Houston,USW00012918,62.5,Mar,03,12,0000-03-12,72
Houston,USW00012918,62.8,Mar,03,13,0000-03-13,73
Houston,USW00012918,63,Mar,03,14,0000-03-14,74
Houston,USW00012918,63.2,Mar,03,15,0000-03-15,75
Houston,USW00012918,63.4,Mar,03,16,0000-03-16,76
Houston,USW00012918,63.6,Mar,03,17,0000-03-17,77
Houston,USW00012918,63.8,Mar,03,18,0000-03-18,78
Houston,USW00012918,64,Mar,03,19,0000-03-19,79
Houston,USW00012918,64.2,Mar,03,20,0000-03-20,80
Houston,USW00012918,64.4,Mar,03,21,0000-03-21,81
Houston,USW00012918,64.6,Mar,03,22,0000-03-22,82
Houston,USW00012918,64.8,Mar,03,23,0000-03-23,83
Houston,USW00012918,65,Mar,03,24,0000-03-24,84
Houston,USW00012918,65.2,Mar,03,25,0000-03-25,85
Houston,USW00012918,65.4,Mar,03,26,0000-03-26,86
Houston,USW00012918,65.6,Mar,03,27,0000-03-27,87
Houston,USW00012918,65.8,Mar,03,28,0000-03-28,88
Houston,USW00012918,66,Mar,03,29,0000-03-29,89
Houston,USW00012918,66.2,Mar,03,30,0000-03-30,90
Houston,USW00012918,66.4,Mar,03,31,0000-03-31,91
Houston,USW00012918,66.6,Apr,04,1,0000-04-01,92
Houston,USW00012918,66.8,Apr,04,2,0000-04-02,93
Houston,USW00012918,67.1,Apr,04,3,0000-04-03,94
Houston,USW00012918,67.3,Apr,04,4,0000-04-04,95
Houston,USW00012918,67.5,Apr,04,5,0000-04-05,96
Houston,USW00012918,67.7,Apr,04,6,0000-04-06,97
Houston,USW00012918,67.9,Apr,04,7,0000-04-07,98
Houston,USW00012918,68.1,Apr,04,8,0000-04-08,99
Houston,USW00012918,68.3,Apr,04,9,0000-04-09,100
Houston,USW00012918,68.5,Apr,04,10,0000-04-10,101
Houston,USW00012918,68.8,Apr,04,11,0000-04-11,102
Houston,USW00012918,69,Apr,04,12,0000-04-12,103
Houston,USW00012918,69.2,Apr,04,13,0000-04-13,104
Houston,USW00012918,69.4,Apr,04,14,0000-04-14,105
Houston,USW00012918,69.7,Apr,04,15,0000-04-15,106
Houston,USW00012918,69.9,Apr,04,16,0000-04-16,107
Houston,USW00012918,70.1,Apr,04,17,0000-04-17,108
Houston,USW00012918,70.4,Apr,04,18,0000-04-18,109
Houston,USW00012918,70.6,Apr,04,19,0000-04-19,110
Houston,USW00012918,70.8,Apr,04,20,0000-04-20,111
Houston,USW00012918,71.1,Apr,04,21,0000-04-21,112
Houston,USW00012918,71.3,Apr,04,22,0000-04-22,113
Houston,USW00012918,71.6,Apr,04,23,0000-04-23,114
Houston,USW00012918,71.8,Apr,04,24,0000-04-24,115
Houston,USW00012918,72.1,Apr,04,25,0000-04-25,116
Houston,USW00012918,72.3,Apr,04,26,0000-04-26,117
Houston,USW00012918,72.6,Apr,04,27,0000-04-27,118
Houston,USW00012918,72.8,Apr,04,28,0000-04-28,119
Houston,USW00012918,73.1,Apr,04,29,0000-04-29,120
Houston,USW00012918,73.3,Apr,04,30,0000-04-30,121
Houston,USW00012918,73.6,May,05,1,0000-05-01,122
Houston,USW00012918,73.8,May,05,2,0000-05-02,123
Houston,USW00012918,74.1,May,05,3,0000-05-03,124
Houston,USW00012918,74.3,May,05,4,0000-05-04,125
Houston,USW00012918,74.6,May,05,5,0000-05-05,126
Houston,USW00012918,74.8,May,05,6,0000-05-06,127
Houston,USW00012918,75,May,05,7,0000-05-07,128
Houston,USW00012918,75.3,May,05,8,0000-05-08,129
Houston,USW00012918,75.5,May,05,9,0000-05-09,130
Houston,USW00012918,75.8,May,05,10,0000-05-10,131
Houston,USW00012918,76,May,05,11,0000-05-11,132
Houston,USW00012918,76.3,May,05,12,0000-05-12,133
Houston,USW00012918,76.5,May,05,13,0000-05-13,134
Houston,USW00012918,76.7,May,05,14,0000-05-14,135
Houston,USW00012918,76.9,May,05,15,0000-05-15,136
Houston,USW00012918,77.2,May,05,16,0000-05-16,137
Houston,USW00012918,77.4,May,05,17,0000-05-17,138
Houston,USW00012918,77.6,May,05,18,0000-05-18,139
Houston,USW00012918,77.8,May,05,19,0000-05-19,140
Houston,USW00012918,78,May,05,20,0000-05-20,141
Houston,USW00012918,78.3,May,05,21,0000-05-21,142
Houston,USW00012918,78.5,May,05,22,0000-05-22,143
Houston,USW00012918,78.7,May,05,23,0000-05-23,144
Houston,USW00012918,78.9,May,05,24,0000-05-24,145
Houston,USW00012918,79,May,05,25,0000-05-25,146
Houston,USW00012918,79.2,May,05,26,0000-05-26,147
Houston,USW00012918,79.4,May,05,27,0000-05-27,148
Houston,USW00012918,79.6,May,05,28,0000-05-28,149
Houston,USW00012918,79.8,May,05,29,0000-05-29,150
Houston,USW00012918,79.9,May,05,30,0000-05-30,151
Houston,USW00012918,80.1,May,05,31,0000-05-31,152
Houston,USW00012918,80.3,Jun,06,1,0000-06-01,153
Houston,USW00012918,80.4,Jun,06,2,0000-06-02,154
Houston,USW00012918,80.6,Jun,06,3,0000-06-03,155
Houston,USW00012918,80.7,Jun,06,4,0000-06-04,156
Houston,USW00012918,80.9,Jun,06,5,0000-06-05,157
Houston,USW00012918,81,Jun,06,6,0000-06-06,158
Houston,USW00012918,81.2,Jun,06,7,0000-06-07,159
Houston,USW00012918,81.3,Jun,06,8,0000-06-08,160
Houston,USW00012918,81.4,Jun,06,9,0000-06-09,161
Houston,USW00012918,81.5,Jun,06,10,0000-06-10,162
Houston,USW00012918,81.7,Jun,06,11,0000-06-11,163
Houston,USW00012918,81.8,Jun,06,12,0000-06-12,164
Houston,USW00012918,81.9,Jun,06,13,0000-06-13,165
Houston,USW00012918,82,Jun,06,14,0000-06-14,166
Houston,USW00012918,82.1,Jun,06,15,0000-06-15,167
Houston,USW00012918,82.2,Jun,06,16,0000-06-16,168
Houston,USW00012918,82.3,Jun,06,17,0000-06-17,169
Houston,USW00012918,82.4,Jun,06,18,0000-06-18,170
Houston,USW00012918,82.5,Jun,06,19,0000-06-19,171
Houston,USW00012918,82.5,Jun,06,20,0000-06-20,172
Houston,USW00012918,82.6,Jun,06,21,0000-06-21,173
Houston,USW00012918,82.7,Jun,06,22,0000-06-22,174
Houston,USW00012918,82.8,Jun,06,23,0000-06-23,175
Houston,USW00012918,82.8,Jun,06,24,0000-06-24,176
Houston,USW00012918,82.9,Jun,06,25,0000-06-25,177
Houston,USW00012918,83,Jun,06,26,0000-06-26,178
Houston,USW00012918,83,Jun,06,27,0000-06-27,179
Houston,USW00012918,83.1,Jun,06,28,0000-06-28,180
Houston,USW00012918,83.1,Jun,06,29,0000-06-29,181
Houston,USW00012918,83.2,Jun,06,30,0000-06-30,182
Houston,USW00012918,83.2,Jul,07,1,0000-07-01,183
Houston,USW00012918,83.3,Jul,07,2,0000-07-02,184
Houston,USW00012918,83.3,Jul,07,3,0000-07-03,185
Houston,USW00012918,83.4,Jul,07,4,0000-07-04,186
Houston,USW00012918,83.4,Jul,07,5,0000-07-05,187
Houston,USW00012918,83.5,Jul,07,6,0000-07-06,188
Houston,USW00012918,83.5,Jul,07,7,0000-07-07,189
Houston,USW00012918,83.5,Jul,07,8,0000-07-08,190
Houston,USW00012918,83.6,Jul,07,9,0000-07-09,191
Houston,USW00012918,83.6,Jul,07,10,0000-07-10,192
Houston,USW00012918,83.7,Jul,07,11,0000-07-11,193
Houston,USW00012918,83.7,Jul,07,12,0000-07-12,194
Houston,USW00012918,83.7,Jul,07,13,0000-07-13,195
Houston,USW00012918,83.8,Jul,07,14,0000-07-14,196
Houston,USW00012918,83.8,Jul,07,15,0000-07-15,197
Houston,USW00012918,83.8,Jul,07,16,0000-07-16,198
Houston,USW00012918,83.8,Jul,07,17,0000-07-17,199
Houston,USW00012918,83.9,Jul,07,18,0000-07-18,200
Houston,USW00012918,83.9,Jul,07,19,0000-07-19,201
Houston,USW00012918,83.9,Jul,07,20,0000-07-20,202
Houston,USW00012918,84,Jul,07,21,0000-07-21,203
Houston,USW00012918,84,Jul,07,22,0000-07-22,204
Houston,USW00012918,84,Jul,07,23,0000-07-23,205
Houston,USW00012918,84.1,Jul,07,24,0000-07-24,206
Houston,USW00012918,84.1,Jul,07,25,0000-07-25,207
Houston,USW00012918,84.1,Jul,07,26,0000-07-26,208
Houston,USW00012918,84.2,Jul,07,27,0000-07-27,209
Houston,USW00012918,84.2,Jul,07,28,0000-07-28,210
Houston,USW00012918,84.2,Jul,07,29,0000-07-29,211
Houston,USW00012918,84.2,Jul,07,30,0000-07-30,212
Houston,USW00012918,84.3,Jul,07,31,0000-07-31,213
Houston,USW00012918,84.3,Aug,08,1,0000-08-01,214
Houston,USW00012918,84.3,Aug,08,2,0000-08-02,215
Houston,USW00012918,84.3,Aug,08,3,0000-08-03,216
Houston,USW00012918,84.4,Aug,08,4,0000-08-04,217
Houston,USW00012918,84.4,Aug,08,5,0000-08-05,218
Houston,USW00012918,84.4,Aug,08,6,0000-08-06,219
Houston,USW00012918,84.4,Aug,08,7,0000-08-07,220
Houston,USW00012918,84.4,Aug,08,8,0000-08-08,221
Houston,USW00012918,84.4,Aug,08,9,0000-08-09,222
Houston,USW00012918,84.4,Aug,08,10,0000-08-10,223
Houston,USW00012918,84.4,Aug,08,11,0000-08-11,224
Houston,USW00012918,84.4,Aug,08,12,0000-08-12,225
Houston,USW00012918,84.4,Aug,08,13,0000-08-13,226
Houston,USW00012918,84.4,Aug,08,14,0000-08-14,227
Houston,USW00012918,84.4,Aug,08,15,0000-08-15,228
Houston,USW00012918,84.4,Aug,08,16,0000-08-16,229
Houston,USW00012918,84.3,Aug,08,17,0000-08-17,230
Houston,USW00012918,84.3,Aug,08,18,0000-08-18,231
Houston,USW00012918,84.3,Aug,08,19,0000-08-19,232
Houston,USW00012918,84.2,Aug,08,20,0000-08-20,233
Houston,USW00012918,84.2,Aug,08,21,0000-08-21,234
Houston,USW00012918,84.1,Aug,08,22,0000-08-22,235
Houston,USW00012918,84,Aug,08,23,0000-08-23,236
Houston,USW00012918,84,Aug,08,24,0000-08-24,237
Houston,USW00012918,83.9,Aug,08,25,0000-08-25,238
Houston,USW00012918,83.8,Aug,08,26,0000-08-26,239
Houston,USW00012918,83.7,Aug,08,27,0000-08-27,240
Houston,USW00012918,83.6,Aug,08,28,0000-08-28,241
Houston,USW00012918,83.5,Aug,08,29,0000-08-29,242
Houston,USW00012918,83.3,Aug,08,30,0000-08-30,243
Houston,USW00012918,83.2,Aug,08,31,0000-08-31,244
Houston,USW00012918,83.1,Sep,09,1,0000-09-01,245
Houston,USW00012918,82.9,Sep,09,2,0000-09-02,246
Houston,USW00012918,82.8,Sep,09,3,0000-09-03,247
Houston,USW00012918,82.6,Sep,09,4,0000-09-04,248
Houston,USW00012918,82.4,Sep,09,5,0000-09-05,249
Houston,USW00012918,82.2,Sep,09,6,0000-09-06,250
Houston,USW00012918,82.1,Sep,09,7,0000-09-07,251
Houston,USW00012918,81.9,Sep,09,8,0000-09-08,252
Houston,USW00012918,81.7,Sep,09,9,0000-09-09,253
Houston,USW00012918,81.5,Sep,09,10,0000-09-10,254
Houston,USW00012918,81.2,Sep,09,11,0000-09-11,255
Houston,USW00012918,81,Sep,09,12,0000-09-12,256
Houston,USW00012918,80.8,Sep,09,13,0000-09-13,257
Houston,USW00012918,80.6,Sep,09,14,0000-09-14,258
Houston,USW00012918,80.3,Sep,09,15,0000-09-15,259
Houston,USW00012918,80.1,Sep,09,16,0000-09-16,260
Houston,USW00012918,79.9,Sep,09,17,0000-09-17,261
Houston,USW00012918,79.6,Sep,09,18,0000-09-18,262
Houston,USW00012918,79.4,Sep,09,19,0000-09-19,263
Houston,USW00012918,79.1,Sep,09,20,0000-09-20,264
Houston,USW00012918,78.8,Sep,09,21,0000-09-21,265
Houston,USW00012918,78.6,Sep,09,22,0000-09-22,266
Houston,USW00012918,78.3,Sep,09,23,0000-09-23,267
Houston,USW00012918,78.1,Sep,09,24,0000-09-24,268
Houston,USW00012918,77.8,Sep,09,25,0000-09-25,269
Houston,USW00012918,77.5,Sep,09,26,0000-09-26,270
Houston,USW00012918,77.3,Sep,09,27,0000-09-27,271
Houston,USW00012918,77,Sep,09,28,0000-09-28,272
Houston,USW00012918,76.7,Sep,09,29,0000-09-29,273
Houston,USW00012918,76.5,Sep,09,30,0000-09-30,274
Houston,USW00012918,76.2,Oct,10,1,0000-10-01,275
Houston,USW00012918,75.9,Oct,10,2,0000-10-02,276
Houston,USW00012918,75.7,Oct,10,3,0000-10-03,277
Houston,USW00012918,75.4,Oct,10,4,0000-10-04,278
Houston,USW00012918,75.1,Oct,10,5,0000-10-05,279
Houston,USW00012918,74.8,Oct,10,6,0000-10-06,280
Houston,USW00012918,74.6,Oct,10,7,0000-10-07,281
Houston,USW00012918,74.3,Oct,10,8,0000-10-08,282
Houston,USW00012918,74,Oct,10,9,0000-10-09,283
Houston,USW00012918,73.8,Oct,10,10,0000-10-10,284
Houston,USW00012918,73.5,Oct,10,11,0000-10-11,285
Houston,USW00012918,73.2,Oct,10,12,0000-10-12,286
Houston,USW00012918,73,Oct,10,13,0000-10-13,287
Houston,USW00012918,72.7,Oct,10,14,0000-10-14,288
Houston,USW00012918,72.4,Oct,10,15,0000-10-15,289
Houston,USW00012918,72.2,Oct,10,16,0000-10-16,290
Houston,USW00012918,71.9,Oct,10,17,0000-10-17,291
Houston,USW00012918,71.6,Oct,10,18,0000-10-18,292
Houston,USW00012918,71.4,Oct,10,19,0000-10-19,293
Houston,USW00012918,71.1,Oct,10,20,0000-10-20,294
Houston,USW00012918,70.8,Oct,10,21,0000-10-21,295
Houston,USW00012918,70.6,Oct,10,22,0000-10-22,296
Houston,USW00012918,70.3,Oct,10,23,0000-10-23,297
Houston,USW00012918,70,Oct,10,24,0000-10-24,298
Houston,USW00012918,69.7,Oct,10,25,0000-10-25,299
Houston,USW00012918,69.4,Oct,10,26,0000-10-26,300
Houston,USW00012918,69.2,Oct,10,27,0000-10-27,301
Houston,USW00012918,68.9,Oct,10,28,0000-10-28,302
Houston,USW00012918,68.6,Oct,10,29,0000-10-29,303
Houston,USW00012918,68.3,Oct,10,30,0000-10-30,304
Houston,USW00012918,68,Oct,10,31,0000-10-31,305
Houston,USW00012918,67.7,Nov,11,1,0000-11-01,306
Houston,USW00012918,67.4,Nov,11,2,0000-11-02,307
Houston,USW00012918,67.1,Nov,11,3,0000-11-03,308
Houston,USW00012918,66.8,Nov,11,4,0000-11-04,309
Houston,USW00012918,66.5,Nov,11,5,0000-11-05,310
Houston,USW00012918,66.2,Nov,11,6,0000-11-06,311
Houston,USW00012918,65.9,Nov,11,7,0000-11-07,312
Houston,USW00012918,65.5,Nov,11,8,0000-11-08,313
Houston,USW00012918,65.2,Nov,11,9,0000-11-09,314
Houston,USW00012918,64.9,Nov,11,10,0000-11-10,315
Houston,USW00012918,64.6,Nov,11,11,0000-11-11,316
Houston,USW00012918,64.3,Nov,11,12,0000-11-12,317
Houston,USW00012918,63.9,Nov,11,13,0000-11-13,318
Houston,USW00012918,63.6,Nov,11,14,0000-11-14,319
Houston,USW00012918,63.3,Nov,11,15,0000-11-15,320
Houston,USW00012918,63,Nov,11,16,0000-11-16,321
Houston,USW00012918,62.6,Nov,11,17,0000-11-17,322
Houston,USW00012918,62.3,Nov,11,18,0000-11-18,323
Houston,USW00012918,62,Nov,11,19,0000-11-19,324
Houston,USW00012918,61.7,Nov,11,20,0000-11-20,325
Houston,USW00012918,61.4,Nov,11,21,0000-11-21,326
Houston,USW00012918,61.1,Nov,11,22,0000-11-22,327
Houston,USW00012918,60.7,Nov,11,23,0000-11-23,328
Houston,USW00012918,60.4,Nov,11,24,0000-11-24,329
Houston,USW00012918,60.1,Nov,11,25,0000-11-25,330
Houston,USW00012918,59.8,Nov,11,26,0000-11-26,331
Houston,USW00012918,59.5,Nov,11,27,0000-11-27,332
Houston,USW00012918,59.3,Nov,11,28,0000-11-28,333
Houston,USW00012918,59,Nov,11,29,0000-11-29,334
Houston,USW00012918,58.7,Nov,11,30,0000-11-30,335
Houston,USW00012918,58.4,Dec,12,1,0000-12-01,336
Houston,USW00012918,58.2,Dec,12,2,0000-12-02,337
Houston,USW00012918,57.9,Dec,12,3,0000-12-03,338
Houston,USW00012918,57.7,Dec,12,4,0000-12-04,339
Houston,USW00012918,57.4,Dec,12,5,0000-12-05,340
Houston,USW00012918,57.2,Dec,12,6,0000-12-06,341
Houston,USW00012918,57,Dec,12,7,0000-12-07,342
Houston,USW00012918,56.7,Dec,12,8,0000-12-08,343
Houston,USW00012918,56.5,Dec,12,9,0000-12-09,344
Houston,USW00012918,56.3,Dec,12,10,0000-12-10,345
Houston,USW00012918,56.1,Dec,12,11,0000-12-11,346
Houston,USW00012918,55.9,Dec,12,12,0000-12-12,347
Houston,USW00012918,55.8,Dec,12,13,0000-12-13,348
Houston,USW00012918,55.6,Dec,12,14,0000-12-14,349
Houston,USW00012918,55.4,Dec,12,15,0000-12-15,350
Houston,USW00012918,55.3,Dec,12,16,0000-12-16,351
Houston,USW00012918,55.1,Dec,12,17,0000-12-17,352
Houston,USW00012918,55,Dec,12,18,0000-12-18,353
Houston,USW00012918,54.9,Dec,12,19,0000-12-19,354
Houston,USW00012918,54.8,Dec,12,20,0000-12-20,355
Houston,USW00012918,54.6,Dec,12,21,0000-12-21,356
Houston,USW00012918,54.5,Dec,12,22,0000-12-22,357
Houston,USW00012918,54.4,Dec,12,23,0000-12-23,358
Houston,USW00012918,54.3,Dec,12,24,0000-12-24,359
Houston,USW00012918,54.3,Dec,12,25,0000-12-25,360
Houston,USW00012918,54.2,Dec,12,26,0000-12-26,361
Houston,USW00012918,54.1,Dec,12,27,0000-12-27,362
Houston,USW00012918,54.1,Dec,12,28,0000-12-28,363
Houston,USW00012918,54,Dec,12,29,0000-12-29,364
Houston,USW00012918,53.9,Dec,12,30,0000-12-30,365
Houston,USW00012918,53.9,Dec,12,31,0000-12-31,366
Chicago,USW00014819,25.6,Jan,01,1,0000-01-01,1
Chicago,USW00014819,25.5,Jan,01,2,0000-01-02,2
Chicago,USW00014819,25.3,Jan,01,3,0000-01-03,3
Chicago,USW00014819,25.2,Jan,01,4,0000-01-04,4
Chicago,USW00014819,25.1,Jan,01,5,0000-01-05,5
Chicago,USW00014819,25.1,Jan,01,6,0000-01-06,6
Chicago,USW00014819,25,Jan,01,7,0000-01-07,7
Chicago,USW00014819,24.9,Jan,01,8,0000-01-08,8
Chicago,USW00014819,24.8,Jan,01,9,0000-01-09,9
Chicago,USW00014819,24.8,Jan,01,10,0000-01-10,10
Chicago,USW00014819,24.7,Jan,01,11,0000-01-11,11
Chicago,USW00014819,24.7,Jan,01,12,0000-01-12,12
Chicago,USW00014819,24.6,Jan,01,13,0000-01-13,13
Chicago,USW00014819,24.6,Jan,01,14,0000-01-14,14
Chicago,USW00014819,24.5,Jan,01,15,0000-01-15,15
Chicago,USW00014819,24.5,Jan,01,16,0000-01-16,16
Chicago,USW00014819,24.5,Jan,01,17,0000-01-17,17
Chicago,USW00014819,24.5,Jan,01,18,0000-01-18,18
Chicago,USW00014819,24.5,Jan,01,19,0000-01-19,19
Chicago,USW00014819,24.5,Jan,01,20,0000-01-20,20
Chicago,USW00014819,24.5,Jan,01,21,0000-01-21,21
Chicago,USW00014819,24.6,Jan,01,22,0000-01-22,22
Chicago,USW00014819,24.6,Jan,01,23,0000-01-23,23
Chicago,USW00014819,24.7,Jan,01,24,0000-01-24,24
Chicago,USW00014819,24.7,Jan,01,25,0000-01-25,25
Chicago,USW00014819,24.8,Jan,01,26,0000-01-26,26
Chicago,USW00014819,24.9,Jan,01,27,0000-01-27,27
Chicago,USW00014819,25,Jan,01,28,0000-01-28,28
Chicago,USW00014819,25.1,Jan,01,29,0000-01-29,29
Chicago,USW00014819,25.2,Jan,01,30,0000-01-30,30
Chicago,USW00014819,25.3,Jan,01,31,0000-01-31,31
Chicago,USW00014819,25.5,Feb,02,1,0000-02-01,32
Chicago,USW00014819,25.6,Feb,02,2,0000-02-02,33
Chicago,USW00014819,25.8,Feb,02,3,0000-02-03,34
Chicago,USW00014819,26,Feb,02,4,0000-02-04,35
Chicago,USW00014819,26.1,Feb,02,5,0000-02-05,36
Chicago,USW00014819,26.3,Feb,02,6,0000-02-06,37
Chicago,USW00014819,26.6,Feb,02,7,0000-02-07,38
Chicago,USW00014819,26.8,Feb,02,8,0000-02-08,39
Chicago,USW00014819,27,Feb,02,9,0000-02-09,40
Chicago,USW00014819,27.3,Feb,02,10,0000-02-10,41
Chicago,USW00014819,27.5,Feb,02,11,0000-02-11,42
Chicago,USW00014819,27.8,Feb,02,12,0000-02-12,43
Chicago,USW00014819,28.1,Feb,02,13,0000-02-13,44
Chicago,USW00014819,28.3,Feb,02,14,0000-02-14,45
Chicago,USW00014819,28.6,Feb,02,15,0000-02-15,46
Chicago,USW00014819,28.9,Feb,02,16,0000-02-16,47
Chicago,USW00014819,29.2,Feb,02,17,0000-02-17,48
Chicago,USW00014819,29.6,Feb,02,18,0000-02-18,49
Chicago,USW00014819,29.9,Feb,02,19,0000-02-19,50
Chicago,USW00014819,30.2,Feb,02,20,0000-02-20,51
Chicago,USW00014819,30.5,Feb,02,21,0000-02-21,52
Chicago,USW00014819,30.9,Feb,02,22,0000-02-22,53
Chicago,USW00014819,31.2,Feb,02,23,0000-02-23,54
Chicago,USW00014819,31.6,Feb,02,24,0000-02-24,55
Chicago,USW00014819,31.9,Feb,02,25,0000-02-25,56
Chicago,USW00014819,32.3,Feb,02,26,0000-02-26,57
Chicago,USW00014819,32.6,Feb,02,27,0000-02-27,58
Chicago,USW00014819,33,Feb,02,28,0000-02-28,59
Chicago,USW00014819,33.2,Feb,02,29,0000-02-29,60
Chicago,USW00014819,33.3,Mar,03,1,0000-03-01,61
Chicago,USW00014819,33.7,Mar,03,2,0000-03-02,62
Chicago,USW00014819,34.1,Mar,03,3,0000-03-03,63
Chicago,USW00014819,34.4,Mar,03,4,0000-03-04,64
Chicago,USW00014819,34.8,Mar,03,5,0000-03-05,65
Chicago,USW00014819,35.2,Mar,03,6,0000-03-06,66
Chicago,USW00014819,35.5,Mar,03,7,0000-03-07,67
Chicago,USW00014819,35.9,Mar,03,8,0000-03-08,68
Chicago,USW00014819,36.3,Mar,03,9,0000-03-09,69
Chicago,USW00014819,36.6,Mar,03,10,0000-03-10,70
Chicago,USW00014819,37,Mar,03,11,0000-03-11,71
Chicago,USW00014819,37.4,Mar,03,12,0000-03-12,72
Chicago,USW00014819,37.7,Mar,03,13,0000-03-13,73
Chicago,USW00014819,38.1,Mar,03,14,0000-03-14,74
Chicago,USW00014819,38.5,Mar,03,15,0000-03-15,75
Chicago,USW00014819,38.8,Mar,03,16,0000-03-16,76
Chicago,USW00014819,39.2,Mar,03,17,0000-03-17,77
Chicago,USW00014819,39.6,Mar,03,18,0000-03-18,78
Chicago,USW00014819,39.9,Mar,03,19,0000-03-19,79
Chicago,USW00014819,40.3,Mar,03,20,0000-03-20,80
Chicago,USW00014819,40.7,Mar,03,21,0000-03-21,81
Chicago,USW00014819,41,Mar,03,22,0000-03-22,82
Chicago,USW00014819,41.4,Mar,03,23,0000-03-23,83
Chicago,USW00014819,41.8,Mar,03,24,0000-03-24,84
Chicago,USW00014819,42.2,Mar,03,25,0000-03-25,85
Chicago,USW00014819,42.5,Mar,03,26,0000-03-26,86
Chicago,USW00014819,42.9,Mar,03,27,0000-03-27,87
Chicago,USW00014819,43.3,Mar,03,28,0000-03-28,88
Chicago,USW00014819,43.7,Mar,03,29,0000-03-29,89
Chicago,USW00014819,44.1,Mar,03,30,0000-03-30,90
Chicago,USW00014819,44.4,Mar,03,31,0000-03-31,91
Chicago,USW00014819,44.8,Apr,04,1,0000-04-01,92
Chicago,USW00014819,45.2,Apr,04,2,0000-04-02,93
Chicago,USW00014819,45.6,Apr,04,3,0000-04-03,94
Chicago,USW00014819,46,Apr,04,4,0000-04-04,95
Chicago,USW00014819,46.4,Apr,04,5,0000-04-05,96
Chicago,USW00014819,46.8,Apr,04,6,0000-04-06,97
Chicago,USW00014819,47.2,Apr,04,7,0000-04-07,98
Chicago,USW00014819,47.6,Apr,04,8,0000-04-08,99
Chicago,USW00014819,48,Apr,04,9,0000-04-09,100
Chicago,USW00014819,48.4,Apr,04,10,0000-04-10,101
Chicago,USW00014819,48.7,Apr,04,11,0000-04-11,102
Chicago,USW00014819,49.1,Apr,04,12,0000-04-12,103
Chicago,USW00014819,49.5,Apr,04,13,0000-04-13,104
Chicago,USW00014819,49.9,Apr,04,14,0000-04-14,105
Chicago,USW00014819,50.3,Apr,04,15,0000-04-15,106
Chicago,USW00014819,50.7,Apr,04,16,0000-04-16,107
Chicago,USW00014819,51.1,Apr,04,17,0000-04-17,108
Chicago,USW00014819,51.5,Apr,04,18,0000-04-18,109
Chicago,USW00014819,51.9,Apr,04,19,0000-04-19,110
Chicago,USW00014819,52.2,Apr,04,20,0000-04-20,111
Chicago,USW00014819,52.6,Apr,04,21,0000-04-21,112
Chicago,USW00014819,53,Apr,04,22,0000-04-22,113
Chicago,USW00014819,53.4,Apr,04,23,0000-04-23,114
Chicago,USW00014819,53.7,Apr,04,24,0000-04-24,115
Chicago,USW00014819,54.1,Apr,04,25,0000-04-25,116
Chicago,USW00014819,54.5,Apr,04,26,0000-04-26,117
Chicago,USW00014819,54.8,Apr,04,27,0000-04-27,118
Chicago,USW00014819,55.2,Apr,04,28,0000-04-28,119
Chicago,USW00014819,55.5,Apr,04,29,0000-04-29,120
Chicago,USW00014819,55.8,Apr,04,30,0000-04-30,121
Chicago,USW00014819,56.2,May,05,1,0000-05-01,122
Chicago,USW00014819,56.5,May,05,2,0000-05-02,123
Chicago,USW00014819,56.8,May,05,3,0000-05-03,124
Chicago,USW00014819,57.2,May,05,4,0000-05-04,125
Chicago,USW00014819,57.5,May,05,5,0000-05-05,126
Chicago,USW00014819,57.8,May,05,6,0000-05-06,127
Chicago,USW00014819,58.1,May,05,7,0000-05-07,128
Chicago,USW00014819,58.4,May,05,8,0000-05-08,129
Chicago,USW00014819,58.7,May,05,9,0000-05-09,130
Chicago,USW00014819,59,May,05,10,0000-05-10,131
Chicago,USW00014819,59.3,May,05,11,0000-05-11,132
Chicago,USW00014819,59.6,May,05,12,0000-05-12,133
Chicago,USW00014819,60,May,05,13,0000-05-13,134
Chicago,USW00014819,60.3,May,05,14,0000-05-14,135
Chicago,USW00014819,60.6,May,05,15,0000-05-15,136
Chicago,USW00014819,60.9,May,05,16,0000-05-16,137
Chicago,USW00014819,61.2,May,05,17,0000-05-17,138
Chicago,USW00014819,61.5,May,05,18,0000-05-18,139
Chicago,USW00014819,61.8,May,05,19,0000-05-19,140
Chicago,USW00014819,62.1,May,05,20,0000-05-20,141
Chicago,USW00014819,62.4,May,05,21,0000-05-21,142
Chicago,USW00014819,62.7,May,05,22,0000-05-22,143
Chicago,USW00014819,63,May,05,23,0000-05-23,144
Chicago,USW00014819,63.4,May,05,24,0000-05-24,145
Chicago,USW00014819,63.7,May,05,25,0000-05-25,146
Chicago,USW00014819,64,May,05,26,0000-05-26,147
Chicago,USW00014819,64.4,May,05,27,0000-05-27,148
Chicago,USW00014819,64.7,May,05,28,0000-05-28,149
Chicago,USW00014819,65,May,05,29,0000-05-29,150
Chicago,USW00014819,65.4,May,05,30,0000-05-30,151
Chicago,USW00014819,65.7,May,05,31,0000-05-31,152
Chicago,USW00014819,66.1,Jun,06,1,0000-06-01,153
Chicago,USW00014819,66.4,Jun,06,2,0000-06-02,154
Chicago,USW00014819,66.8,Jun,06,3,0000-06-03,155
Chicago,USW00014819,67.2,Jun,06,4,0000-06-04,156
Chicago,USW00014819,67.5,Jun,06,5,0000-06-05,157
Chicago,USW00014819,67.9,Jun,06,6,0000-06-06,158
Chicago,USW00014819,68.2,Jun,06,7,0000-06-07,159
Chicago,USW00014819,68.6,Jun,06,8,0000-06-08,160
Chicago,USW00014819,69,Jun,06,9,0000-06-09,161
Chicago,USW00014819,69.3,Jun,06,10,0000-06-10,162
Chicago,USW00014819,69.7,Jun,06,11,0000-06-11,163
Chicago,USW00014819,70,Jun,06,12,0000-06-12,164
Chicago,USW00014819,70.4,Jun,06,13,0000-06-13,165
Chicago,USW00014819,70.7,Jun,06,14,0000-06-14,166
Chicago,USW00014819,71.1,Jun,06,15,0000-06-15,167
Chicago,USW00014819,71.4,Jun,06,16,0000-06-16,168
Chicago,USW00014819,71.7,Jun,06,17,0000-06-17,169
Chicago,USW00014819,72.1,Jun,06,18,0000-06-18,170
Chicago,USW00014819,72.4,Jun,06,19,0000-06-19,171
Chicago,USW00014819,72.7,Jun,06,20,0000-06-20,172
Chicago,USW00014819,73,Jun,06,21,0000-06-21,173
Chicago,USW00014819,73.2,Jun,06,22,0000-06-22,174
Chicago,USW00014819,73.5,Jun,06,23,0000-06-23,175
Chicago,USW00014819,73.8,Jun,06,24,0000-06-24,176
Chicago,USW00014819,74,Jun,06,25,0000-06-25,177
Chicago,USW00014819,74.3,Jun,06,26,0000-06-26,178
Chicago,USW00014819,74.5,Jun,06,27,0000-06-27,179
Chicago,USW00014819,74.7,Jun,06,28,0000-06-28,180
Chicago,USW00014819,74.9,Jun,06,29,0000-06-29,181
Chicago,USW00014819,75.1,Jun,06,30,0000-06-30,182
Chicago,USW00014819,75.2,Jul,07,1,0000-07-01,183
Chicago,USW00014819,75.4,Jul,07,2,0000-07-02,184
Chicago,USW00014819,75.5,Jul,07,3,0000-07-03,185
Chicago,USW00014819,75.6,Jul,07,4,0000-07-04,186
Chicago,USW00014819,75.7,Jul,07,5,0000-07-05,187
Chicago,USW00014819,75.8,Jul,07,6,0000-07-06,188
Chicago,USW00014819,75.9,Jul,07,7,0000-07-07,189
Chicago,USW00014819,76,Jul,07,8,0000-07-08,190
Chicago,USW00014819,76,Jul,07,9,0000-07-09,191
Chicago,USW00014819,76.1,Jul,07,10,0000-07-10,192
Chicago,USW00014819,76.1,Jul,07,11,0000-07-11,193
Chicago,USW00014819,76.1,Jul,07,12,0000-07-12,194
Chicago,USW00014819,76.2,Jul,07,13,0000-07-13,195
Chicago,USW00014819,76.2,Jul,07,14,0000-07-14,196
Chicago,USW00014819,76.2,Jul,07,15,0000-07-15,197
Chicago,USW00014819,76.1,Jul,07,16,0000-07-16,198
Chicago,USW00014819,76.1,Jul,07,17,0000-07-17,199
Chicago,USW00014819,76.1,Jul,07,18,0000-07-18,200
Chicago,USW00014819,76.1,Jul,07,19,0000-07-19,201
Chicago,USW00014819,76,Jul,07,20,0000-07-20,202
Chicago,USW00014819,76,Jul,07,21,0000-07-21,203
Chicago,USW00014819,75.9,Jul,07,22,0000-07-22,204
Chicago,USW00014819,75.9,Jul,07,23,0000-07-23,205
Chicago,USW00014819,75.8,Jul,07,24,0000-07-24,206
Chicago,USW00014819,75.8,Jul,07,25,0000-07-25,207
Chicago,USW00014819,75.7,Jul,07,26,0000-07-26,208
Chicago,USW00014819,75.7,Jul,07,27,0000-07-27,209
Chicago,USW00014819,75.6,Jul,07,28,0000-07-28,210
Chicago,USW00014819,75.5,Jul,07,29,0000-07-29,211
Chicago,USW00014819,75.5,Jul,07,30,0000-07-30,212
Chicago,USW00014819,75.4,Jul,07,31,0000-07-31,213
Chicago,USW00014819,75.4,Aug,08,1,0000-08-01,214
Chicago,USW00014819,75.3,Aug,08,2,0000-08-02,215
Chicago,USW00014819,75.2,Aug,08,3,0000-08-03,216
Chicago,USW00014819,75.2,Aug,08,4,0000-08-04,217
Chicago,USW00014819,75.1,Aug,08,5,0000-08-05,218
Chicago,USW00014819,75.1,Aug,08,6,0000-08-06,219
Chicago,USW00014819,75,Aug,08,7,0000-08-07,220
Chicago,USW00014819,75,Aug,08,8,0000-08-08,221
Chicago,USW00014819,74.9,Aug,08,9,0000-08-09,222
Chicago,USW00014819,74.8,Aug,08,10,0000-08-10,223
Chicago,USW00014819,74.8,Aug,08,11,0000-08-11,224
Chicago,USW00014819,74.7,Aug,08,12,0000-08-12,225
Chicago,USW00014819,74.6,Aug,08,13,0000-08-13,226
Chicago,USW00014819,74.6,Aug,08,14,0000-08-14,227
Chicago,USW00014819,74.5,Aug,08,15,0000-08-15,228
Chicago,USW00014819,74.4,Aug,08,16,0000-08-16,229
Chicago,USW00014819,74.3,Aug,08,17,0000-08-17,230
Chicago,USW00014819,74.2,Aug,08,18,0000-08-18,231
Chicago,USW00014819,74.1,Aug,08,19,0000-08-19,232
Chicago,USW00014819,74,Aug,08,20,0000-08-20,233
Chicago,USW00014819,73.9,Aug,08,21,0000-08-21,234
Chicago,USW00014819,73.7,Aug,08,22,0000-08-22,235
Chicago,USW00014819,73.6,Aug,08,23,0000-08-23,236
Chicago,USW00014819,73.4,Aug,08,24,0000-08-24,237
Chicago,USW00014819,73.3,Aug,08,25,0000-08-25,238
Chicago,USW00014819,73.1,Aug,08,26,0000-08-26,239
Chicago,USW00014819,72.9,Aug,08,27,0000-08-27,240
Chicago,USW00014819,72.7,Aug,08,28,0000-08-28,241
Chicago,USW00014819,72.5,Aug,08,29,0000-08-29,242
Chicago,USW00014819,72.3,Aug,08,30,0000-08-30,243
Chicago,USW00014819,72,Aug,08,31,0000-08-31,244
Chicago,USW00014819,71.8,Sep,09,1,0000-09-01,245
Chicago,USW00014819,71.5,Sep,09,2,0000-09-02,246
Chicago,USW00014819,71.2,Sep,09,3,0000-09-03,247
Chicago,USW00014819,70.9,Sep,09,4,0000-09-04,248
Chicago,USW00014819,70.6,Sep,09,5,0000-09-05,249
Chicago,USW00014819,70.3,Sep,09,6,0000-09-06,250
Chicago,USW00014819,69.9,Sep,09,7,0000-09-07,251
Chicago,USW00014819,69.6,Sep,09,8,0000-09-08,252
Chicago,USW00014819,69.2,Sep,09,9,0000-09-09,253
Chicago,USW00014819,68.8,Sep,09,10,0000-09-10,254
Chicago,USW00014819,68.5,Sep,09,11,0000-09-11,255
Chicago,USW00014819,68.1,Sep,09,12,0000-09-12,256
Chicago,USW00014819,67.7,Sep,09,13,0000-09-13,257
Chicago,USW00014819,67.2,Sep,09,14,0000-09-14,258
Chicago,USW00014819,66.8,Sep,09,15,0000-09-15,259
Chicago,USW00014819,66.4,Sep,09,16,0000-09-16,260
Chicago,USW00014819,66,Sep,09,17,0000-09-17,261
Chicago,USW00014819,65.5,Sep,09,18,0000-09-18,262
Chicago,USW00014819,65.1,Sep,09,19,0000-09-19,263
Chicago,USW00014819,64.7,Sep,09,20,0000-09-20,264
Chicago,USW00014819,64.2,Sep,09,21,0000-09-21,265
Chicago,USW00014819,63.8,Sep,09,22,0000-09-22,266
Chicago,USW00014819,63.3,Sep,09,23,0000-09-23,267
Chicago,USW00014819,62.9,Sep,09,24,0000-09-24,268
Chicago,USW00014819,62.4,Sep,09,25,0000-09-25,269
Chicago,USW00014819,62,Sep,09,26,0000-09-26,270
Chicago,USW00014819,61.6,Sep,09,27,0000-09-27,271
Chicago,USW00014819,61.1,Sep,09,28,0000-09-28,272
Chicago,USW00014819,60.7,Sep,09,29,0000-09-29,273
Chicago,USW00014819,60.3,Sep,09,30,0000-09-30,274
Chicago,USW00014819,59.9,Oct,10,1,0000-10-01,275
Chicago,USW00014819,59.4,Oct,10,2,0000-10-02,276
Chicago,USW00014819,59,Oct,10,3,0000-10-03,277
Chicago,USW00014819,58.6,Oct,10,4,0000-10-04,278
Chicago,USW00014819,58.2,Oct,10,5,0000-10-05,279
Chicago,USW00014819,57.8,Oct,10,6,0000-10-06,280
Chicago,USW00014819,57.5,Oct,10,7,0000-10-07,281
Chicago,USW00014819,57.1,Oct,10,8,0000-10-08,282
Chicago,USW00014819,56.7,Oct,10,9,0000-10-09,283
Chicago,USW00014819,56.3,Oct,10,10,0000-10-10,284
Chicago,USW00014819,56,Oct,10,11,0000-10-11,285
Chicago,USW00014819,55.6,Oct,10,12,0000-10-12,286
Chicago,USW00014819,55.3,Oct,10,13,0000-10-13,287
Chicago,USW00014819,54.9,Oct,10,14,0000-10-14,288
Chicago,USW00014819,54.5,Oct,10,15,0000-10-15,289
Chicago,USW00014819,54.2,Oct,10,16,0000-10-16,290
Chicago,USW00014819,53.9,Oct,10,17,0000-10-17,291
Chicago,USW00014819,53.5,Oct,10,18,0000-10-18,292
Chicago,USW00014819,53.2,Oct,10,19,0000-10-19,293
Chicago,USW00014819,52.8,Oct,10,20,0000-10-20,294
Chicago,USW00014819,52.5,Oct,10,21,0000-10-21,295
Chicago,USW00014819,52.1,Oct,10,22,0000-10-22,296
Chicago,USW00014819,51.8,Oct,10,23,0000-10-23,297
Chicago,USW00014819,51.4,Oct,10,24,0000-10-24,298
Chicago,USW00014819,51.1,Oct,10,25,0000-10-25,299
Chicago,USW00014819,50.7,Oct,10,26,0000-10-26,300
Chicago,USW00014819,50.3,Oct,10,27,0000-10-27,301
Chicago,USW00014819,49.9,Oct,10,28,0000-10-28,302
Chicago,USW00014819,49.6,Oct,10,29,0000-10-29,303
Chicago,USW00014819,49.2,Oct,10,30,0000-10-30,304
Chicago,USW00014819,48.8,Oct,10,31,0000-10-31,305
Chicago,USW00014819,48.4,Nov,11,1,0000-11-01,306
Chicago,USW00014819,48,Nov,11,2,0000-11-02,307
Chicago,USW00014819,47.5,Nov,11,3,0000-11-03,308
Chicago,USW00014819,47.1,Nov,11,4,0000-11-04,309
Chicago,USW00014819,46.7,Nov,11,5,0000-11-05,310
Chicago,USW00014819,46.2,Nov,11,6,0000-11-06,311
Chicago,USW00014819,45.8,Nov,11,7,0000-11-07,312
Chicago,USW00014819,45.3,Nov,11,8,0000-11-08,313
Chicago,USW00014819,44.8,Nov,11,9,0000-11-09,314
Chicago,USW00014819,44.4,Nov,11,10,0000-11-10,315
Chicago,USW00014819,43.9,Nov,11,11,0000-11-11,316
Chicago,USW00014819,43.4,Nov,11,12,0000-11-12,317
Chicago,USW00014819,42.9,Nov,11,13,0000-11-13,318
Chicago,USW00014819,42.4,Nov,11,14,0000-11-14,319
Chicago,USW00014819,41.9,Nov,11,15,0000-11-15,320
Chicago,USW00014819,41.4,Nov,11,16,0000-11-16,321
Chicago,USW00014819,40.9,Nov,11,17,0000-11-17,322
Chicago,USW00014819,40.4,Nov,11,18,0000-11-18,323
Chicago,USW00014819,39.9,Nov,11,19,0000-11-19,324
Chicago,USW00014819,39.4,Nov,11,20,0000-11-20,325
Chicago,USW00014819,38.8,Nov,11,21,0000-11-21,326
Chicago,USW00014819,38.3,Nov,11,22,0000-11-22,327
Chicago,USW00014819,37.8,Nov,11,23,0000-11-23,328
Chicago,USW00014819,37.3,Nov,11,24,0000-11-24,329
Chicago,USW00014819,36.8,Nov,11,25,0000-11-25,330
Chicago,USW00014819,36.3,Nov,11,26,0000-11-26,331
Chicago,USW00014819,35.8,Nov,11,27,0000-11-27,332
Chicago,USW00014819,35.4,Nov,11,28,0000-11-28,333
Chicago,USW00014819,34.9,Nov,11,29,0000-11-29,334
Chicago,USW00014819,34.4,Nov,11,30,0000-11-30,335
Chicago,USW00014819,34,Dec,12,1,0000-12-01,336
Chicago,USW00014819,33.5,Dec,12,2,0000-12-02,337
Chicago,USW00014819,33.1,Dec,12,3,0000-12-03,338
Chicago,USW00014819,32.7,Dec,12,4,0000-12-04,339
Chicago,USW00014819,32.2,Dec,12,5,0000-12-05,340
Chicago,USW00014819,31.8,Dec,12,6,0000-12-06,341
Chicago,USW00014819,31.5,Dec,12,7,0000-12-07,342
Chicago,USW00014819,31.1,Dec,12,8,0000-12-08,343
Chicago,USW00014819,30.7,Dec,12,9,0000-12-09,344
Chicago,USW00014819,30.4,Dec,12,10,0000-12-10,345
Chicago,USW00014819,30,Dec,12,11,0000-12-11,346
Chicago,USW00014819,29.7,Dec,12,12,0000-12-12,347
Chicago,USW00014819,29.4,Dec,12,13,0000-12-13,348
Chicago,USW00014819,29.1,Dec,12,14,0000-12-14,349
Chicago,USW00014819,28.8,Dec,12,15,0000-12-15,350
Chicago,USW00014819,28.5,Dec,12,16,0000-12-16,351
Chicago,USW00014819,28.3,Dec,12,17,0000-12-17,352
Chicago,USW00014819,28,Dec,12,18,0000-12-18,353
Chicago,USW00014819,27.8,Dec,12,19,0000-12-19,354
Chicago,USW00014819,27.6,Dec,12,20,0000-12-20,355
Chicago,USW00014819,27.3,Dec,12,21,0000-12-21,356
Chicago,USW00014819,27.1,Dec,12,22,0000-12-22,357
Chicago,USW00014819,26.9,Dec,12,23,0000-12-23,358
Chicago,USW00014819,26.7,Dec,12,24,0000-12-24,359
Chicago,USW00014819,26.6,Dec,12,25,0000-12-25,360
Chicago,USW00014819,26.4,Dec,12,26,0000-12-26,361
Chicago,USW00014819,26.2,Dec,12,27,0000-12-27,362
Chicago,USW00014819,26.1,Dec,12,28,0000-12-28,363
Chicago,USW00014819,26,Dec,12,29,0000-12-29,364
Chicago,USW00014819,25.8,Dec,12,30,0000-12-30,365
Chicago,USW00014819,25.7,Dec,12,31,0000-12-31,366
San Diego,USW00093107,55.2,Jan,01,1,0000-01-01,1
San Diego,USW00093107,55.3,Jan,01,2,0000-01-02,2
San Diego,USW00093107,55.3,Jan,01,3,0000-01-03,3
San Diego,USW00093107,55.4,Jan,01,4,0000-01-04,4
San Diego,USW00093107,55.4,Jan,01,5,0000-01-05,5
San Diego,USW00093107,55.5,Jan,01,6,0000-01-06,6
San Diego,USW00093107,55.5,Jan,01,7,0000-01-07,7
San Diego,USW00093107,55.6,Jan,01,8,0000-01-08,8
San Diego,USW00093107,55.6,Jan,01,9,0000-01-09,9
San Diego,USW00093107,55.7,Jan,01,10,0000-01-10,10
San Diego,USW00093107,55.7,Jan,01,11,0000-01-11,11
San Diego,USW00093107,55.8,Jan,01,12,0000-01-12,12
San Diego,USW00093107,55.8,Jan,01,13,0000-01-13,13
San Diego,USW00093107,55.9,Jan,01,14,0000-01-14,14
San Diego,USW00093107,55.9,Jan,01,15,0000-01-15,15
San Diego,USW00093107,55.9,Jan,01,16,0000-01-16,16
San Diego,USW00093107,56,Jan,01,17,0000-01-17,17
San Diego,USW00093107,56,Jan,01,18,0000-01-18,18
San Diego,USW00093107,56,Jan,01,19,0000-01-19,19
San Diego,USW00093107,56,Jan,01,20,0000-01-20,20
San Diego,USW00093107,56.1,Jan,01,21,0000-01-21,21
San Diego,USW00093107,56.1,Jan,01,22,0000-01-22,22
San Diego,USW00093107,56.1,Jan,01,23,0000-01-23,23
San Diego,USW00093107,56.1,Jan,01,24,0000-01-24,24
San Diego,USW00093107,56.1,Jan,01,25,0000-01-25,25
San Diego,USW00093107,56.2,Jan,01,26,0000-01-26,26
San Diego,USW00093107,56.2,Jan,01,27,0000-01-27,27
San Diego,USW00093107,56.2,Jan,01,28,0000-01-28,28
San Diego,USW00093107,56.2,Jan,01,29,0000-01-29,29
San Diego,USW00093107,56.2,Jan,01,30,0000-01-30,30
San Diego,USW00093107,56.2,Jan,01,31,0000-01-31,31
San Diego,USW00093107,56.2,Feb,02,1,0000-02-01,32
San Diego,USW00093107,56.2,Feb,02,2,0000-02-02,33
San Diego,USW00093107,56.3,Feb,02,3,0000-02-03,34
San Diego,USW00093107,56.3,Feb,02,4,0000-02-04,35
San Diego,USW00093107,56.3,Feb,02,5,0000-02-05,36
San Diego,USW00093107,56.3,Feb,02,6,0000-02-06,37
San Diego,USW00093107,56.3,Feb,02,7,0000-02-07,38
San Diego,USW00093107,56.3,Feb,02,8,0000-02-08,39
San Diego,USW00093107,56.4,Feb,02,9,0000-02-09,40
San Diego,USW00093107,56.4,Feb,02,10,0000-02-10,41
San Diego,USW00093107,56.4,Feb,02,11,0000-02-11,42
San Diego,USW00093107,56.4,Feb,02,12,0000-02-12,43
San Diego,USW00093107,56.4,Feb,02,13,0000-02-13,44
San Diego,USW00093107,56.5,Feb,02,14,0000-02-14,45
San Diego,USW00093107,56.5,Feb,02,15,0000-02-15,46
San Diego,USW00093107,56.5,Feb,02,16,0000-02-16,47
San Diego,USW00093107,56.5,Feb,02,17,0000-02-17,48
San Diego,USW00093107,56.6,Feb,02,18,0000-02-18,49
San Diego,USW00093107,56.6,Feb,02,19,0000-02-19,50
San Diego,USW00093107,56.6,Feb,02,20,0000-02-20,51
San Diego,USW00093107,56.7,Feb,02,21,0000-02-21,52
San Diego,USW00093107,56.7,Feb,02,22,0000-02-22,53
San Diego,USW00093107,56.7,Feb,02,23,0000-02-23,54
San Diego,USW00093107,56.7,Feb,02,24,0000-02-24,55
San Diego,USW00093107,56.8,Feb,02,25,0000-02-25,56
San Diego,USW00093107,56.8,Feb,02,26,0000-02-26,57
San Diego,USW00093107,56.8,Feb,02,27,0000-02-27,58
San Diego,USW00093107,56.9,Feb,02,28,0000-02-28,59
San Diego,USW00093107,56.9,Feb,02,29,0000-02-29,60
San Diego,USW00093107,56.9,Mar,03,1,0000-03-01,61
San Diego,USW00093107,56.9,Mar,03,2,0000-03-02,62
San Diego,USW00093107,56.9,Mar,03,3,0000-03-03,63
San Diego,USW00093107,57,Mar,03,4,0000-03-04,64
San Diego,USW00093107,57,Mar,03,5,0000-03-05,65
San Diego,USW00093107,57,Mar,03,6,0000-03-06,66
San Diego,USW00093107,57,Mar,03,7,0000-03-07,67
San Diego,USW00093107,57.1,Mar,03,8,0000-03-08,68
San Diego,USW00093107,57.1,Mar,03,9,0000-03-09,69
San Diego,USW00093107,57.1,Mar,03,10,0000-03-10,70
San Diego,USW00093107,57.1,Mar,03,11,0000-03-11,71
San Diego,USW00093107,57.2,Mar,03,12,0000-03-12,72
San Diego,USW00093107,57.2,Mar,03,13,0000-03-13,73
San Diego,USW00093107,57.2,Mar,03,14,0000-03-14,74
San Diego,USW00093107,57.3,Mar,03,15,0000-03-15,75
San Diego,USW00093107,57.3,Mar,03,16,0000-03-16,76
San Diego,USW00093107,57.3,Mar,03,17,0000-03-17,77
San Diego,USW00093107,57.3,Mar,03,18,0000-03-18,78
San Diego,USW00093107,57.4,Mar,03,19,0000-03-19,79
San Diego,USW00093107,57.4,Mar,03,20,0000-03-20,80
San Diego,USW00093107,57.5,Mar,03,21,0000-03-21,81
San Diego,USW00093107,57.5,Mar,03,22,0000-03-22,82
San Diego,USW00093107,57.6,Mar,03,23,0000-03-23,83
San Diego,USW00093107,57.6,Mar,03,24,0000-03-24,84
San Diego,USW00093107,57.7,Mar,03,25,0000-03-25,85
San Diego,USW00093107,57.7,Mar,03,26,0000-03-26,86
San Diego,USW00093107,57.8,Mar,03,27,0000-03-27,87
San Diego,USW00093107,57.8,Mar,03,28,0000-03-28,88
San Diego,USW00093107,57.9,Mar,03,29,0000-03-29,89
San Diego,USW00093107,58,Mar,03,30,0000-03-30,90
San Diego,USW00093107,58.1,Mar,03,31,0000-03-31,91
San Diego,USW00093107,58.1,Apr,04,1,0000-04-01,92
San Diego,USW00093107,58.2,Apr,04,2,0000-04-02,93
San Diego,USW00093107,58.3,Apr,04,3,0000-04-03,94
San Diego,USW00093107,58.4,Apr,04,4,0000-04-04,95
San Diego,USW00093107,58.5,Apr,04,5,0000-04-05,96
San Diego,USW00093107,58.6,Apr,04,6,0000-04-06,97
San Diego,USW00093107,58.7,Apr,04,7,0000-04-07,98
San Diego,USW00093107,58.9,Apr,04,8,0000-04-08,99
San Diego,USW00093107,59,Apr,04,9,0000-04-09,100
San Diego,USW00093107,59.1,Apr,04,10,0000-04-10,101
San Diego,USW00093107,59.2,Apr,04,11,0000-04-11,102
San Diego,USW00093107,59.4,Apr,04,12,0000-04-12,103
San Diego,USW00093107,59.5,Apr,04,13,0000-04-13,104
San Diego,USW00093107,59.6,Apr,04,14,0000-04-14,105
San Diego,USW00093107,59.8,Apr,04,15,0000-04-15,106
San Diego,USW00093107,59.9,Apr,04,16,0000-04-16,107
San Diego,USW00093107,60.1,Apr,04,17,0000-04-17,108
San Diego,USW00093107,60.2,Apr,04,18,0000-04-18,109
San Diego,USW00093107,60.3,Apr,04,19,0000-04-19,110
San Diego,USW00093107,60.5,Apr,04,20,0000-04-20,111
San Diego,USW00093107,60.6,Apr,04,21,0000-04-21,112
San Diego,USW00093107,60.8,Apr,04,22,0000-04-22,113
San Diego,USW00093107,60.9,Apr,04,23,0000-04-23,114
San Diego,USW00093107,61.1,Apr,04,24,0000-04-24,115
San Diego,USW00093107,61.2,Apr,04,25,0000-04-25,116
San Diego,USW00093107,61.3,Apr,04,26,0000-04-26,117
San Diego,USW00093107,61.5,Apr,04,27,0000-04-27,118
San Diego,USW00093107,61.6,Apr,04,28,0000-04-28,119
San Diego,USW00093107,61.7,Apr,04,29,0000-04-29,120
San Diego,USW00093107,61.8,Apr,04,30,0000-04-30,121
San Diego,USW00093107,61.9,May,05,1,0000-05-01,122
San Diego,USW00093107,62.1,May,05,2,0000-05-02,123
San Diego,USW00093107,62.2,May,05,3,0000-05-03,124
San Diego,USW00093107,62.3,May,05,4,0000-05-04,125
San Diego,USW00093107,62.4,May,05,5,0000-05-05,126
San Diego,USW00093107,62.5,May,05,6,0000-05-06,127
San Diego,USW00093107,62.6,May,05,7,0000-05-07,128
San Diego,USW00093107,62.7,May,05,8,0000-05-08,129
San Diego,USW00093107,62.7,May,05,9,0000-05-09,130
San Diego,USW00093107,62.8,May,05,10,0000-05-10,131
San Diego,USW00093107,62.9,May,05,11,0000-05-11,132
San Diego,USW00093107,63,May,05,12,0000-05-12,133
San Diego,USW00093107,63,May,05,13,0000-05-13,134
San Diego,USW00093107,63.1,May,05,14,0000-05-14,135
San Diego,USW00093107,63.2,May,05,15,0000-05-15,136
San Diego,USW00093107,63.2,May,05,16,0000-05-16,137
San Diego,USW00093107,63.3,May,05,17,0000-05-17,138
San Diego,USW00093107,63.4,May,05,18,0000-05-18,139
San Diego,USW00093107,63.4,May,05,19,0000-05-19,140
San Diego,USW00093107,63.5,May,05,20,0000-05-20,141
San Diego,USW00093107,63.6,May,05,21,0000-05-21,142
San Diego,USW00093107,63.6,May,05,22,0000-05-22,143
San Diego,USW00093107,63.7,May,05,23,0000-05-23,144
San Diego,USW00093107,63.8,May,05,24,0000-05-24,145
San Diego,USW00093107,63.8,May,05,25,0000-05-25,146
San Diego,USW00093107,63.9,May,05,26,0000-05-26,147
San Diego,USW00093107,64,May,05,27,0000-05-27,148
San Diego,USW00093107,64,May,05,28,0000-05-28,149
San Diego,USW00093107,64.1,May,05,29,0000-05-29,150
San Diego,USW00093107,64.2,May,05,30,0000-05-30,151
San Diego,USW00093107,64.3,May,05,31,0000-05-31,152
San Diego,USW00093107,64.4,Jun,06,1,0000-06-01,153
San Diego,USW00093107,64.5,Jun,06,2,0000-06-02,154
San Diego,USW00093107,64.6,Jun,06,3,0000-06-03,155
San Diego,USW00093107,64.7,Jun,06,4,0000-06-04,156
San Diego,USW00093107,64.8,Jun,06,5,0000-06-05,157
San Diego,USW00093107,65,Jun,06,6,0000-06-06,158
San Diego,USW00093107,65.1,Jun,06,7,0000-06-07,159
San Diego,USW00093107,65.2,Jun,06,8,0000-06-08,160
San Diego,USW00093107,65.4,Jun,06,9,0000-06-09,161
San Diego,USW00093107,65.5,Jun,06,10,0000-06-10,162
San Diego,USW00093107,65.7,Jun,06,11,0000-06-11,163
San Diego,USW00093107,65.8,Jun,06,12,0000-06-12,164
San Diego,USW00093107,66,Jun,06,13,0000-06-13,165
San Diego,USW00093107,66.2,Jun,06,14,0000-06-14,166
San Diego,USW00093107,66.3,Jun,06,15,0000-06-15,167
San Diego,USW00093107,66.5,Jun,06,16,0000-06-16,168
San Diego,USW00093107,66.7,Jun,06,17,0000-06-17,169
San Diego,USW00093107,66.9,Jun,06,18,0000-06-18,170
San Diego,USW00093107,67.1,Jun,06,19,0000-06-19,171
San Diego,USW00093107,67.2,Jun,06,20,0000-06-20,172
San Diego,USW00093107,67.4,Jun,06,21,0000-06-21,173
San Diego,USW00093107,67.6,Jun,06,22,0000-06-22,174
San Diego,USW00093107,67.8,Jun,06,23,0000-06-23,175
San Diego,USW00093107,68,Jun,06,24,0000-06-24,176
San Diego,USW00093107,68.2,Jun,06,25,0000-06-25,177
San Diego,USW00093107,68.4,Jun,06,26,0000-06-26,178
San Diego,USW00093107,68.6,Jun,06,27,0000-06-27,179
San Diego,USW00093107,68.7,Jun,06,28,0000-06-28,180
San Diego,USW00093107,68.9,Jun,06,29,0000-06-29,181
San Diego,USW00093107,69.1,Jun,06,30,0000-06-30,182
San Diego,USW00093107,69.3,Jul,07,1,0000-07-01,183
San Diego,USW00093107,69.4,Jul,07,2,0000-07-02,184
San Diego,USW00093107,69.6,Jul,07,3,0000-07-03,185
San Diego,USW00093107,69.8,Jul,07,4,0000-07-04,186
San Diego,USW00093107,69.9,Jul,07,5,0000-07-05,187
San Diego,USW00093107,70.1,Jul,07,6,0000-07-06,188
San Diego,USW00093107,70.2,Jul,07,7,0000-07-07,189
San Diego,USW00093107,70.3,Jul,07,8,0000-07-08,190
San Diego,USW00093107,70.5,Jul,07,9,0000-07-09,191
San Diego,USW00093107,70.6,Jul,07,10,0000-07-10,192
San Diego,USW00093107,70.7,Jul,07,11,0000-07-11,193
San Diego,USW00093107,70.8,Jul,07,12,0000-07-12,194
San Diego,USW00093107,70.9,Jul,07,13,0000-07-13,195
San Diego,USW00093107,71.1,Jul,07,14,0000-07-14,196
San Diego,USW00093107,71.2,Jul,07,15,0000-07-15,197
San Diego,USW00093107,71.2,Jul,07,16,0000-07-16,198
San Diego,USW00093107,71.3,Jul,07,17,0000-07-17,199
San Diego,USW00093107,71.4,Jul,07,18,0000-07-18,200
San Diego,USW00093107,71.5,Jul,07,19,0000-07-19,201
San Diego,USW00093107,71.6,Jul,07,20,0000-07-20,202
San Diego,USW00093107,71.6,Jul,07,21,0000-07-21,203
San Diego,USW00093107,71.7,Jul,07,22,0000-07-22,204
San Diego,USW00093107,71.8,Jul,07,23,0000-07-23,205
San Diego,USW00093107,71.8,Jul,07,24,0000-07-24,206
San Diego,USW00093107,71.9,Jul,07,25,0000-07-25,207
San Diego,USW00093107,71.9,Jul,07,26,0000-07-26,208
San Diego,USW00093107,72,Jul,07,27,0000-07-27,209
San Diego,USW00093107,72,Jul,07,28,0000-07-28,210
San Diego,USW00093107,72.1,Jul,07,29,0000-07-29,211
San Diego,USW00093107,72.1,Jul,07,30,0000-07-30,212
San Diego,USW00093107,72.2,Jul,07,31,0000-07-31,213
San Diego,USW00093107,72.2,Aug,08,1,0000-08-01,214
San Diego,USW00093107,72.2,Aug,08,2,0000-08-02,215
San Diego,USW00093107,72.3,Aug,08,3,0000-08-03,216
San Diego,USW00093107,72.3,Aug,08,4,0000-08-04,217
San Diego,USW00093107,72.4,Aug,08,5,0000-08-05,218
San Diego,USW00093107,72.4,Aug,08,6,0000-08-06,219
San Diego,USW00093107,72.4,Aug,08,7,0000-08-07,220
San Diego,USW00093107,72.5,Aug,08,8,0000-08-08,221
San Diego,USW00093107,72.5,Aug,08,9,0000-08-09,222
San Diego,USW00093107,72.5,Aug,08,10,0000-08-10,223
San Diego,USW00093107,72.6,Aug,08,11,0000-08-11,224
San Diego,USW00093107,72.6,Aug,08,12,0000-08-12,225
San Diego,USW00093107,72.6,Aug,08,13,0000-08-13,226
San Diego,USW00093107,72.7,Aug,08,14,0000-08-14,227
San Diego,USW00093107,72.7,Aug,08,15,0000-08-15,228
San Diego,USW00093107,72.7,Aug,08,16,0000-08-16,229
San Diego,USW00093107,72.7,Aug,08,17,0000-08-17,230
San Diego,USW00093107,72.8,Aug,08,18,0000-08-18,231
San Diego,USW00093107,72.8,Aug,08,19,0000-08-19,232
San Diego,USW00093107,72.8,Aug,08,20,0000-08-20,233
San Diego,USW00093107,72.8,Aug,08,21,0000-08-21,234
San Diego,USW00093107,72.8,Aug,08,22,0000-08-22,235
San Diego,USW00093107,72.8,Aug,08,23,0000-08-23,236
San Diego,USW00093107,72.8,Aug,08,24,0000-08-24,237
San Diego,USW00093107,72.8,Aug,08,25,0000-08-25,238
San Diego,USW00093107,72.7,Aug,08,26,0000-08-26,239
San Diego,USW00093107,72.7,Aug,08,27,0000-08-27,240
San Diego,USW00093107,72.7,Aug,08,28,0000-08-28,241
San Diego,USW00093107,72.7,Aug,08,29,0000-08-29,242
San Diego,USW00093107,72.6,Aug,08,30,0000-08-30,243
San Diego,USW00093107,72.6,Aug,08,31,0000-08-31,244
San Diego,USW00093107,72.5,Sep,09,1,0000-09-01,245
San Diego,USW00093107,72.4,Sep,09,2,0000-09-02,246
San Diego,USW00093107,72.4,Sep,09,3,0000-09-03,247
San Diego,USW00093107,72.3,Sep,09,4,0000-09-04,248
San Diego,USW00093107,72.2,Sep,09,5,0000-09-05,249
San Diego,USW00093107,72.1,Sep,09,6,0000-09-06,250
San Diego,USW00093107,72,Sep,09,7,0000-09-07,251
San Diego,USW00093107,71.9,Sep,09,8,0000-09-08,252
San Diego,USW00093107,71.8,Sep,09,9,0000-09-09,253
San Diego,USW00093107,71.7,Sep,09,10,0000-09-10,254
San Diego,USW00093107,71.6,Sep,09,11,0000-09-11,255
San Diego,USW00093107,71.4,Sep,09,12,0000-09-12,256
San Diego,USW00093107,71.3,Sep,09,13,0000-09-13,257
San Diego,USW00093107,71.1,Sep,09,14,0000-09-14,258
San Diego,USW00093107,71,Sep,09,15,0000-09-15,259
San Diego,USW00093107,70.8,Sep,09,16,0000-09-16,260
San Diego,USW00093107,70.7,Sep,09,17,0000-09-17,261
San Diego,USW00093107,70.5,Sep,09,18,0000-09-18,262
San Diego,USW00093107,70.3,Sep,09,19,0000-09-19,263
San Diego,USW00093107,70.2,Sep,09,20,0000-09-20,264
San Diego,USW00093107,70,Sep,09,21,0000-09-21,265
San Diego,USW00093107,69.8,Sep,09,22,0000-09-22,266
San Diego,USW00093107,69.7,Sep,09,23,0000-09-23,267
San Diego,USW00093107,69.5,Sep,09,24,0000-09-24,268
San Diego,USW00093107,69.3,Sep,09,25,0000-09-25,269
San Diego,USW00093107,69.1,Sep,09,26,0000-09-26,270
San Diego,USW00093107,69,Sep,09,27,0000-09-27,271
San Diego,USW00093107,68.8,Sep,09,28,0000-09-28,272
San Diego,USW00093107,68.6,Sep,09,29,0000-09-29,273
San Diego,USW00093107,68.4,Sep,09,30,0000-09-30,274
San Diego,USW00093107,68.3,Oct,10,1,0000-10-01,275
San Diego,USW00093107,68.1,Oct,10,2,0000-10-02,276
San Diego,USW00093107,67.9,Oct,10,3,0000-10-03,277
San Diego,USW00093107,67.8,Oct,10,4,0000-10-04,278
San Diego,USW00093107,67.6,Oct,10,5,0000-10-05,279
San Diego,USW00093107,67.4,Oct,10,6,0000-10-06,280
San Diego,USW00093107,67.3,Oct,10,7,0000-10-07,281
San Diego,USW00093107,67.1,Oct,10,8,0000-10-08,282
San Diego,USW00093107,67,Oct,10,9,0000-10-09,283
San Diego,USW00093107,66.8,Oct,10,10,0000-10-10,284
San Diego,USW00093107,66.7,Oct,10,11,0000-10-11,285
San Diego,USW00093107,66.5,Oct,10,12,0000-10-12,286
San Diego,USW00093107,66.4,Oct,10,13,0000-10-13,287
San Diego,USW00093107,66.2,Oct,10,14,0000-10-14,288
San Diego,USW00093107,66.1,Oct,10,15,0000-10-15,289
San Diego,USW00093107,65.9,Oct,10,16,0000-10-16,290
San Diego,USW00093107,65.8,Oct,10,17,0000-10-17,291
San Diego,USW00093107,65.6,Oct,10,18,0000-10-18,292
San Diego,USW00093107,65.5,Oct,10,19,0000-10-19,293
San Diego,USW00093107,65.3,Oct,10,20,0000-10-20,294
San Diego,USW00093107,65.2,Oct,10,21,0000-10-21,295
San Diego,USW00093107,65,Oct,10,22,0000-10-22,296
San Diego,USW00093107,64.9,Oct,10,23,0000-10-23,297
San Diego,USW00093107,64.7,Oct,10,24,0000-10-24,298
San Diego,USW00093107,64.5,Oct,10,25,0000-10-25,299
San Diego,USW00093107,64.4,Oct,10,26,0000-10-26,300
San Diego,USW00093107,64.2,Oct,10,27,0000-10-27,301
San Diego,USW00093107,64,Oct,10,28,0000-10-28,302
San Diego,USW00093107,63.9,Oct,10,29,0000-10-29,303
San Diego,USW00093107,63.7,Oct,10,30,0000-10-30,304
San Diego,USW00093107,63.5,Oct,10,31,0000-10-31,305
San Diego,USW00093107,63.3,Nov,11,1,0000-11-01,306
San Diego,USW00093107,63.1,Nov,11,2,0000-11-02,307
San Diego,USW00093107,62.9,Nov,11,3,0000-11-03,308
San Diego,USW00093107,62.7,Nov,11,4,0000-11-04,309
San Diego,USW00093107,62.5,Nov,11,5,0000-11-05,310
San Diego,USW00093107,62.3,Nov,11,6,0000-11-06,311
San Diego,USW00093107,62,Nov,11,7,0000-11-07,312
San Diego,USW00093107,61.8,Nov,11,8,0000-11-08,313
San Diego,USW00093107,61.6,Nov,11,9,0000-11-09,314
San Diego,USW00093107,61.4,Nov,11,10,0000-11-10,315
San Diego,USW00093107,61.1,Nov,11,11,0000-11-11,316
San Diego,USW00093107,60.9,Nov,11,12,0000-11-12,317
San Diego,USW00093107,60.6,Nov,11,13,0000-11-13,318
San Diego,USW00093107,60.4,Nov,11,14,0000-11-14,319
San Diego,USW00093107,60.1,Nov,11,15,0000-11-15,320
San Diego,USW00093107,59.9,Nov,11,16,0000-11-16,321
San Diego,USW00093107,59.6,Nov,11,17,0000-11-17,322
San Diego,USW00093107,59.4,Nov,11,18,0000-11-18,323
San Diego,USW00093107,59.2,Nov,11,19,0000-11-19,324
San Diego,USW00093107,58.9,Nov,11,20,0000-11-20,325
San Diego,USW00093107,58.7,Nov,11,21,0000-11-21,326
San Diego,USW00093107,58.4,Nov,11,22,0000-11-22,327
San Diego,USW00093107,58.2,Nov,11,23,0000-11-23,328
San Diego,USW00093107,57.9,Nov,11,24,0000-11-24,329
San Diego,USW00093107,57.7,Nov,11,25,0000-11-25,330
San Diego,USW00093107,57.5,Nov,11,26,0000-11-26,331
San Diego,USW00093107,57.3,Nov,11,27,0000-11-27,332
San Diego,USW00093107,57.1,Nov,11,28,0000-11-28,333
San Diego,USW00093107,56.9,Nov,11,29,0000-11-29,334
San Diego,USW00093107,56.7,Nov,11,30,0000-11-30,335
San Diego,USW00093107,56.5,Dec,12,1,0000-12-01,336
San Diego,USW00093107,56.3,Dec,12,2,0000-12-02,337
San Diego,USW00093107,56.1,Dec,12,3,0000-12-03,338
San Diego,USW00093107,56,Dec,12,4,0000-12-04,339
San Diego,USW00093107,55.8,Dec,12,5,0000-12-05,340
San Diego,USW00093107,55.7,Dec,12,6,0000-12-06,341
San Diego,USW00093107,55.5,Dec,12,7,0000-12-07,342
San Diego,USW00093107,55.4,Dec,12,8,0000-12-08,343
San Diego,USW00093107,55.3,Dec,12,9,0000-12-09,344
San Diego,USW00093107,55.2,Dec,12,10,0000-12-10,345
San Diego,USW00093107,55.1,Dec,12,11,0000-12-11,346
San Diego,USW00093107,55,Dec,12,12,0000-12-12,347
San Diego,USW00093107,55,Dec,12,13,0000-12-13,348
San Diego,USW00093107,54.9,Dec,12,14,0000-12-14,349
San Diego,USW00093107,54.9,Dec,12,15,0000-12-15,350
San Diego,USW00093107,54.8,Dec,12,16,0000-12-16,351
San Diego,USW00093107,54.8,Dec,12,17,0000-12-17,352
San Diego,USW00093107,54.8,Dec,12,18,0000-12-18,353
San Diego,USW00093107,54.8,Dec,12,19,0000-12-19,354
San Diego,USW00093107,54.8,Dec,12,20,0000-12-20,355
San Diego,USW00093107,54.8,Dec,12,21,0000-12-21,356
San Diego,USW00093107,54.8,Dec,12,22,0000-12-22,357
San Diego,USW00093107,54.8,Dec,12,23,0000-12-23,358
San Diego,USW00093107,54.9,Dec,12,24,0000-12-24,359
San Diego,USW00093107,54.9,Dec,12,25,0000-12-25,360
San Diego,USW00093107,54.9,Dec,12,26,0000-12-26,361
San Diego,USW00093107,55,Dec,12,27,0000-12-27,362
San Diego,USW00093107,55,Dec,12,28,0000-12-28,363
San Diego,USW00093107,55.1,Dec,12,29,0000-12-29,364
San Diego,USW00093107,55.1,Dec,12,30,0000-12-30,365
San Diego,USW00093107,55.2,Dec,12,31,0000-12-31,366
